Rk,Player,Pos,Age,Tm,G,MP,PER,TS%,3PAr,FTr,ORB%,DRB%,TRB%,AST%,STL%,BLK%,TOV%,USG%,OWS,DWS,WS,WS/48,OBPM,DBPM,BPM,VORP
1,Steven Adams,C,26,OKC,58,1564,20.8,0.605,0.007,0.413,14.4,23.8,19.3,13.5,1.6,3.5,14.1,17.2,3.7,2.5,6.2,0.19,2.1,1.1,3.2,2
2,Bam Adebayo,PF,22,MIA,65,2235,20.6,0.606,0.018,0.476,8.7,25,17.2,23.6,1.7,3.8,17.5,20.8,4.6,3.6,8.1,0.175,1.6,2.1,3.6,3.2
3,LaMarcus Aldridge,C,34,SAS,53,1754,19.8,0.571,0.198,0.241,6.3,17.8,12,11.4,1,4.4,7.8,23.6,3.1,1.4,4.4,0.122,1.8,-0.5,1.3,1.5
4,Nickeil Alexander-Walker,SG,21,NOP,41,501,7.6,0.441,0.515,0.123,1.7,15.2,8.4,20.3,1,1.2,14.3,22.8,-0.7,0.4,-0.4,-0.034,-3.5,-1.4,-4.9,-0.4
5,Grayson Allen,SG,24,MEM,30,498,11.4,0.577,0.517,0.199,1.1,12.6,7,11.8,0.6,0.2,10.7,17.9,0.5,0.3,0.7,0.07,-1,-1.5,-2.6,-0.1
6,Jarrett Allen,C,21,BRK,64,1647,20.3,0.658,0.012,0.574,12.5,25,18.9,7.8,1.1,4.3,12.2,15,4.3,2.8,7.1,0.207,1,1.1,2.1,1.7
7,Kadeem Allen,SG,27,NYK,10,117,14,0.512,0.364,0.25,1.8,6.6,4.1,27,2.1,1.6,14.1,20.6,0.1,0.1,0.1,0.053,0,-0.6,-0.6,0
8,Al-Farouq Aminu,PF,29,ORL,18,380,7.6,0.395,0.419,0.337,6.6,18.4,12.3,7.4,2.3,1.9,14.7,13.2,-0.4,0.5,0.1,0.016,-4.5,1.4,-3.1,-0.1
9,Justin Anderson,SF,26,BRK,3,17,-3.8,0.218,0.5,0.333,0,11.8,6.1,0,0,4.9,0,16.9,-0.1,0,-0.1,-0.167,-12.8,-2.3,-15.1,-0.1
10,Kyle Anderson,PF,26,MEM,59,1140,13,0.542,0.221,0.236,5.1,18.3,11.8,15.1,1.9,2.4,15.1,13.3,0.9,1.4,2.2,0.095,-1.3,1.9,0.6,0.7
11,Ryan Anderson,PF,31,HOU,2,14,9.5,0.357,0.714,0,0,52.8,26.2,20.1,3.3,0,12.5,23.6,0,0,0,-0.031,-4.1,0.7,-3.4,0
12,Giannis Antetokounmpo,PF,25,MIL,57,1763,31.6,0.608,0.238,0.5,7.8,34.5,22,33.9,1.5,2.9,13.1,37.4,5.6,4.8,10.4,0.282,7.4,4.1,11.5,6
13,Kostas Antetokounmpo,PF,22,LAL,3,5,8.6,NA,NA,NA,0,21.3,10.9,22.4,0,0,NA,0,0,0,0,0.136,1.2,3.1,4.3,0
14,Thanasis Antetokounmpo,SF,27,MIL,18,93,14.2,0.528,0.194,0.417,12.4,8,10.1,13.8,2.9,1.9,20.5,23.8,0,0.2,0.2,0.083,-4,1.7,-2.3,0
15,Carmelo Anthony,PF,35,POR,50,1623,12.2,0.517,0.286,0.197,4,15.8,10,7,1.2,1.2,10.5,21.6,0.1,0.9,1,0.029,-1.9,-1.8,-3.7,-0.7
16,OG Anunoby,SF,22,TOR,63,1897,13.2,0.598,0.408,0.163,4.2,14.6,9.5,7.5,2.2,2.1,11.7,14.4,1.8,3.3,5.1,0.13,-0.9,1.8,0.9,1.4
17,Ryan Arcidiacono,PG,25,CHI,58,930,9,0.551,0.627,0.173,2.3,11.2,6.5,14.3,1.4,0.3,13.5,12.5,0.7,0.7,1.4,0.07,-2.7,-0.1,-2.8,-0.2
18,Trevor Ariza,SF,34,TOT,53,1493,11,0.593,0.639,0.228,2.5,15.6,9,8.1,2.2,0.9,13.6,11.9,1.3,1.3,2.6,0.084,-1.5,0.9,-0.5,0.6
18,Trevor Ariza,SF,34,SAC,32,791,9.4,0.543,0.739,0.164,2.9,18.3,10.4,8.4,2.2,0.8,13.7,11.3,0.3,0.8,1.1,0.069,-1.9,1.3,-0.6,0.3
18,Trevor Ariza,SF,34,POR,21,702,12.8,0.643,0.535,0.296,1.9,12.6,7.4,7.7,2.3,1,13.5,12.6,1,0.5,1.5,0.101,-1,0.5,-0.5,0.3
19,D.J. Augustin,PG,32,ORL,49,1215,14.2,0.548,0.438,0.395,1.5,8.3,4.8,26.7,1.2,0.1,12.9,19.1,1.8,0.8,2.6,0.101,-0.3,-1,-1.4,0.2
20,Deandre Ayton,C,21,PHO,30,996,20.4,0.571,0.006,0.168,13.5,27,20.1,9.7,1,4.5,12.4,24.3,1.1,1.3,2.4,0.117,0.8,-0.4,0.5,0.6
21,Dwayne Bacon,SG,24,CHO,39,687,6.1,0.419,0.275,0.217,2.3,14,7.9,11.7,1.7,0.3,12.2,19.5,-1.2,0.4,-0.8,-0.053,-5.9,-0.9,-6.8,-0.8
22,Marvin Bagley III,PF,20,SAC,13,334,15.7,0.512,0.132,0.186,9.5,23.6,16.4,5,0.9,3.4,9.1,25.9,0,0.4,0.4,0.055,-2.1,-1.3,-3.4,-0.1
23,Lonzo Ball,PG,22,NOP,56,1817,13.7,0.529,0.578,0.107,3.6,16.6,10.1,29.3,2,1.4,20.7,18.6,0.7,1.9,2.6,0.068,0.4,0.6,1,1.3
24,Mo Bamba,C,21,ORL,60,868,17.8,0.549,0.369,0.163,11.7,25.7,18.5,7.3,1.2,8.9,12.2,17.2,0.9,1.7,2.5,0.14,-1.1,1.7,0.5,0.6
25,J.J. Barea,PG,35,DAL,26,391,14.9,0.519,0.425,0.101,2.7,10,6.4,37.7,0.5,0.4,15.8,24.3,0.5,0.2,0.7,0.084,1.8,-2.7,-1,0.1
26,Harrison Barnes,PF,27,SAC,64,2231,13.3,0.575,0.342,0.343,3,12.7,7.7,9.9,0.8,0.4,8.9,17.6,3.1,1.1,4.2,0.091,0,-1.2,-1.2,0.5
27,RJ Barrett,SG,19,NYK,56,1704,10.7,0.479,0.271,0.349,3,14.8,8.7,12.8,1.6,0.9,12.9,24,-1.6,1.1,-0.5,-0.015,-2.8,-1.5,-4.3,-1
28,Will Barton,SF,29,DEN,58,1916,15.7,0.549,0.39,0.18,4.4,16.8,10.6,16,1.6,1.4,9.9,20,2.4,2.1,4.5,0.113,1.2,-0.1,1.2,1.5
29,Keita Bates-Diop,SF,24,TOT,39,665,12.6,0.541,0.452,0.332,3.2,15,8.9,6.5,1.2,2.6,5.5,15.6,0.6,0.5,1.1,0.081,-0.8,-0.1,-0.8,0.2
29,Keita Bates-Diop,SF,24,MIN,37,646,12.5,0.535,0.456,0.316,3.3,15.1,9,6.7,1.2,2.6,5.6,15.8,0.6,0.5,1,0.076,-0.8,-0.1,-0.9,0.2
29,Keita Bates-Diop,SF,24,DEN,2,19,15.8,0.931,0,2,0,11.7,5.9,0,0,4.8,0,8.6,0.1,0,0.1,0.218,0,0.1,0,0
30,Nicolas Batum,SF,31,CHO,22,505,9.2,0.463,0.605,0.123,5.2,16.8,10.8,18.3,1.7,1.5,20.5,9.4,0.2,0.4,0.6,0.055,-2.7,0.9,-1.9,0
31,Aron Baynes,C,33,PHO,42,934,15.1,0.581,0.441,0.197,8.3,20.2,14.1,11,0.5,2.2,10.8,21.1,1.3,0.7,2,0.103,-0.2,-0.9,-1.1,0.2
32,Kent Bazemore,SF-SG,30,TOT,64,1604,9.2,0.5,0.461,0.287,1.6,16.9,9.2,7.1,2.1,2.1,13.2,17.2,-0.8,1.5,0.7,0.02,-3.4,0.4,-3,-0.4
32,Kent Bazemore,SF,30,POR,43,1111,7.6,0.475,0.525,0.221,1.2,14.6,8,7.2,1.9,2.4,14.4,16,-1,0.9,-0.1,-0.005,-3.6,0.4,-3.2,-0.3
32,Kent Bazemore,SG,30,SAC,21,493,13,0.543,0.337,0.414,2.5,22.1,12,7.1,2.5,1.6,11.1,19.9,0.2,0.6,0.8,0.077,-3,0.4,-2.6,-0.1
33,Darius Bazley,PF,19,OKC,53,909,8.1,0.475,0.435,0.204,2.7,20.7,12,4.3,1.1,3.3,13.8,14.1,-0.8,1.2,0.4,0.019,-3.1,0.6,-2.5,-0.1
34,Bradley Beal,SG,26,WAS,57,2053,23.1,0.579,0.369,0.351,2.7,10.6,6.5,29.1,1.6,1,11.4,34.4,4.6,0.5,5.1,0.119,5.3,-2.4,2.9,2.5
35,Malik Beasley,SG,23,TOT,55,1209,12.7,0.546,0.517,0.124,1.6,11.9,6.6,9.4,1.6,0.6,9.2,21.8,0.4,0.9,1.3,0.053,-0.7,-1.3,-2,0
35,Malik Beasley,SG,23,DEN,41,746,10.5,0.511,0.535,0.126,1.3,10.1,5.7,9.1,2.1,0.7,10.2,20.6,-0.2,0.7,0.6,0.037,-2.2,-0.6,-2.8,-0.2
35,Malik Beasley,SG,23,MIN,14,463,16.2,0.591,0.494,0.12,2,14.7,8.1,9.8,0.9,0.4,7.9,23.7,0.6,0.2,0.8,0.079,1.8,-2.4,-0.6,0.2
36,Marco Belinelli,SG,33,SAS,52,779,10.2,0.521,0.572,0.151,0.6,11.9,6.2,11.3,0.6,0.1,5.2,17,0.4,0.1,0.6,0.035,-1,-1.9,-2.9,-0.2
37,Jordan Bell,C-PF,25,TOT,29,256,13.9,0.577,0.179,0.463,12,21.8,16.7,8.9,0.5,3.2,20.7,16.4,0.2,0.2,0.4,0.07,-1.4,-1.1,-2.5,0
37,Jordan Bell,C,25,MIN,27,235,14.1,0.57,0.15,0.483,12.1,23.3,17.5,8.6,0.4,3.5,19.8,15.9,0.2,0.2,0.4,0.072,-1.5,-1.1,-2.5,0
37,Jordan Bell,PF,25,MEM,2,21,12.6,0.635,0.429,0.286,10.2,4.9,7.5,12.8,2.2,0,27.6,21.5,0,0,0,0.046,-0.4,-1.1,-1.5,0
38,DeAndre' Bembry,SG,25,ATL,43,915,9.6,0.5,0.285,0.211,4,14.1,8.9,12.3,2.8,1.7,19.4,14,-0.5,0.7,0.2,0.011,-3.5,1,-2.4,-0.1
39,Dragan Bender,SF,22,TOT,16,286,11,0.545,0.467,0.152,5.9,21.1,13.5,14.4,0.7,2.8,17.6,17.7,0,0.3,0.3,0.053,-3,0.1,-2.9,-0.1
39,Dragan Bender,SF,22,MIL,7,91,8.5,0.582,0.429,0.143,0,20.5,10.9,12.5,0,4.8,18.3,12.4,0,0.2,0.2,0.11,-4.3,3,-1.3,0
39,Dragan Bender,SF,22,GSW,9,195,12.1,0.534,0.479,0.155,8.6,21.3,14.7,15.2,1,1.8,17.4,20.1,0,0.1,0.1,0.027,-2.4,-1.3,-3.6,-0.1
40,Dāvis Bertāns,PF,27,WAS,54,1583,15.5,0.628,0.774,0.2,2.3,15.1,8.5,8.3,1.1,1.8,8.2,19,3,0.5,3.5,0.106,2.7,-1.8,0.9,1.1
41,Patrick Beverley,PG,31,LAC,48,1299,12.3,0.554,0.609,0.126,4.6,15.7,10.3,18.2,1.9,1.7,15.7,13,1.4,2,3.4,0.126,-0.5,2.6,2.1,1.3
42,Khem Birch,C,27,ORL,40,777,10.1,0.529,0.009,0.583,9.3,15.7,12.4,6.1,1,2.4,13.7,9.3,0.7,0.8,1.5,0.092,-3.3,0.3,-3,-0.2
43,Goga Bitadze,C,20,IND,49,410,12.2,0.53,0.279,0.256,6,19.8,12.9,7.1,0.7,6.9,14.8,18.1,-0.1,0.7,0.6,0.069,-4,1.5,-2.5,0
44,Bismack Biyombo,C,27,CHO,53,1029,16.1,0.57,0,0.543,12.3,20.7,16.3,7.8,0.5,4.4,12.2,16.8,1.5,0.9,2.4,0.113,-1.8,-0.7,-2.5,-0.1
45,Nemanja Bjelica,PF,31,SAC,64,1821,15.6,0.597,0.488,0.121,6.5,19.4,12.8,14.6,1.4,1.7,12.6,17.4,3,1.7,4.7,0.125,1.2,0.4,1.6,1.7
46,Eric Bledsoe,PG,30,MIL,56,1524,18.1,0.579,0.304,0.292,2.8,13.3,8.4,28.5,1.6,1.4,15.8,24,2.4,2.9,5.3,0.168,1.1,1.1,2.2,1.6
47,Bogdan Bogdanović,SG,27,SAC,53,1510,14.3,0.56,0.595,0.164,1.2,11.8,6.4,17.2,1.7,0.9,11.5,22.3,1.2,1.1,2.4,0.075,0.7,-0.3,0.4,0.9
48,Bojan Bogdanović,SF,30,UTA,63,2083,15.7,0.603,0.489,0.296,2.2,11.1,6.8,9.9,0.8,0.3,13.1,25.6,2.7,1.6,4.3,0.099,1.6,-1.5,0.2,1.1
49,Jonah Bolden,PF,24,TOT,7,47,4.9,0.392,0.364,0.364,7,14.4,10.6,0,3,3.7,13.6,13.4,-0.1,0.1,0,-0.008,-8.8,-0.1,-8.9,-0.1
49,Jonah Bolden,PF,24,PHI,4,14,-2,0.515,0.333,0.667,0,7.9,3.9,0,3.5,0,34,18.1,-0.1,0,0,-0.147,-13.9,-0.7,-14.7,0
49,Jonah Bolden,PF,24,PHO,3,33,7.9,0.338,0.375,0.25,9.9,17.2,13.5,0,2.9,5.3,0,11.4,0,0.1,0,0.051,-6.6,0.1,-6.5,0
50,Marques Bolden,C,21,CLE,1,3,19.8,NA,NA,NA,0,74.7,37,0,16.2,0,NA,0,0,0,0,0.282,-5.8,11.3,5.5,0
51,Jordan Bone,PG,22,DET,10,53,0.8,0.3,0.5,0,0,8.7,4.3,21,0.9,0,9.1,18.1,-0.1,0,-0.1,-0.118,-9,-2.9,-11.9,-0.1
52,Isaac Bonga,SF,20,WAS,58,1025,10.7,0.627,0.299,0.348,6.3,13.6,9.8,7.7,1.7,1.8,16.2,10.3,1.3,0.4,1.7,0.081,-2.4,0,-2.4,-0.1
53,Devin Booker,SG,23,PHO,62,2241,19.8,0.617,0.313,0.395,1.3,11.7,6.4,30.2,1,0.6,15.7,29.5,4.8,1.2,6,0.129,3.1,-1.4,1.7,2.1
54,Chris Boucher,PF,27,TOR,55,724,19.8,0.57,0.381,0.396,14,21.1,17.7,4.7,1.3,7.1,7,19.4,1.7,1.5,3.2,0.214,0.4,1,1.4,0.6
55,Brian Bowen,SG,21,IND,5,29,-2,0.222,0.222,0,3.8,22.7,13.3,0,0,3,10,15.2,-0.1,0,-0.1,-0.154,-9.7,-2.1,-11.8,-0.1
56,Ky Bowman,PG,22,GSW,45,1015,9.2,0.494,0.333,0.128,2.5,10.7,6.5,19.4,2.1,0.9,17.1,17.2,-0.6,0.6,-0.1,-0.003,-4,-0.3,-4.3,-0.6
57,Avery Bradley,SG,29,LAL,49,1186,8.9,0.537,0.452,0.063,1.7,8.7,5.3,7.1,1.7,0.4,10.7,15.7,0.2,1.4,1.6,0.066,-2.9,0.5,-2.4,-0.1
58,Tony Bradley,C,22,UTA,50,535,21.8,0.675,0.006,0.258,19.3,24.7,22.1,4.9,1.1,3.9,11.8,16.1,1.8,0.9,2.7,0.242,0.9,0.4,1.3,0.4
59,Jarrell Brantley,PF,23,UTA,5,13,2.7,NA,NA,NA,0,40.3,21.1,9.2,0,12.8,100,6.8,0,0,0,-0.053,-8.6,5.9,-2.7,0
60,Ignas Brazdeikis,SF,21,NYK,9,53,3.3,0.351,0.409,0.227,3.9,6.2,5,10.6,0,1.8,7.6,21,-0.1,0,-0.1,-0.109,-5,-3.9,-8.9,-0.1
61,Mikal Bridges,SF,23,PHO,65,1772,13,0.623,0.391,0.258,3.6,12.8,8.1,8.9,2.5,1.9,12.5,12.4,2.2,1.9,4.1,0.111,-0.7,1.5,0.8,1.3
62,Miles Bridges,SF,21,CHO,65,1995,12.1,0.52,0.398,0.174,4.6,15.6,9.9,9.4,1,2.2,10.5,20,0.3,1.3,1.6,0.038,-1.5,-1,-2.5,-0.3
63,Oshae Brissett,SF,21,TOR,19,135,6.7,0.458,0.417,0.278,7.2,13,10.2,7,1.4,0.7,14.8,15,-0.1,0.2,0.1,0.042,-5.7,0.3,-5.4,-0.1
64,Ryan Broekhoff,SG,29,DAL,17,180,13.1,0.568,0.864,0.136,3,21.7,12.5,8.3,1.3,1.9,8.8,16.3,0.2,0.2,0.4,0.116,0.4,0.4,0.9,0.1
65,Malcolm Brogdon,PG,27,IND,48,1472,17.8,0.537,0.296,0.246,3,13.8,8.5,34.5,1.1,0.5,13.6,25.2,2,1.4,3.5,0.113,2.2,-0.5,1.7,1.4
66,Dillon Brooks,SG,24,MEM,65,1851,11.1,0.508,0.387,0.192,3.5,8.4,6,10,1.4,1.2,9.7,25,-0.3,1.3,1,0.025,-2.8,-1.5,-4.3,-1.1
67,Bruce Brown,SG,23,DET,58,1634,11.9,0.518,0.215,0.266,4.2,15,9.5,20.4,1.9,1.5,16.7,16,0.8,1.4,2.1,0.062,-2,0.8,-1.2,0.3
68,Charlie Brown,SG,22,ATL,10,40,11.1,0.472,0.474,0.263,5.3,5.5,5.4,7.3,2.3,4.2,12.4,25.1,0,0,0,-0.028,-1.1,-1.4,-2.5,0
69,Jaylen Brown,SF,23,BOS,50,1702,17.1,0.589,0.364,0.28,3.4,16.5,10,10.2,1.6,0.9,11.8,24.7,2.1,2.3,4.5,0.126,1,-0.1,0.9,1.2
70,Moses Brown,C,20,POR,9,33,6.7,0.407,0,0.8,9.6,34,22,4.1,1.4,2.6,18.2,21.2,-0.1,0,0,-0.062,-8.2,-1.7,-9.9,-0.1
71,Sterling Brown,SF,24,MIL,45,665,9.3,0.478,0.523,0.161,4.4,19.2,12.3,8.8,1.5,0.9,13.4,16.7,-0.4,1.3,1,0.071,-3.1,1,-2,0
72,Troy Brown Jr.,SG,20,WAS,61,1519,13.7,0.534,0.287,0.225,4.4,19.6,11.7,13,2.3,0.3,10.5,17,1.2,0.9,2.2,0.069,-0.8,-0.4,-1.3,0.3
73,Jalen Brunson,PG,23,DAL,57,1022,15,0.553,0.309,0.193,2.3,11.3,6.9,26.9,1,0.3,13.6,20.4,1.6,0.7,2.3,0.108,0.1,-0.9,-0.8,0.3
74,Thomas Bryant,C,22,WAS,38,901,20,0.659,0.176,0.309,8.8,23.4,15.8,11.9,0.7,3.2,12.1,18.3,2.4,0.5,2.9,0.153,2.1,-1.2,0.9,0.7
75,Reggie Bullock,SG,28,NYK,29,684,9.3,0.502,0.496,0.094,2,8.8,5.3,8.8,1.8,0.4,7.5,15.6,0.2,0.3,0.5,0.036,-2.7,-0.3,-3,-0.2
76,Trey Burke,PG,27,PHI,25,329,15.4,0.545,0.299,0.142,5,6.7,5.9,24.2,1,0.3,8.2,19.3,0.6,0.2,0.9,0.129,0.7,-1.1,-0.5,0.1
77,Alec Burks,SG,28,TOT,59,1612,16,0.549,0.389,0.358,2.8,15.2,8.8,16.9,1.7,0.9,9.5,23.8,1.9,1.1,2.9,0.088,0.6,-0.7,-0.2,0.7
77,Alec Burks,SG,28,GSW,48,1390,16.1,0.552,0.373,0.373,2.8,15.3,8.8,17.4,1.7,1.1,9.8,23.8,1.6,0.8,2.5,0.085,0.7,-0.6,0.1,0.7
77,Alec Burks,SG,28,PHI,11,222,14.9,0.527,0.49,0.27,3,14.9,9,13.4,1.8,0,7.4,23.5,0.2,0.2,0.5,0.103,-0.2,-1.5,-1.7,0
78,Deonte Burton,SG,26,OKC,34,284,5.9,0.426,0.438,0.114,2.4,15.9,9.4,5.6,0.9,3,11.3,19.3,-0.6,0.3,-0.3,-0.046,-5.5,-0.4,-5.8,-0.3
79,Jimmy Butler,SF,30,MIA,54,1851,23.4,0.583,0.162,0.679,6.2,15.2,10.9,28.1,2.4,1.6,11.2,25.2,6,2.5,8.5,0.219,4,1.3,5.2,3.4
80,Bruno Caboclo,SF,24,TOT,27,220,13.4,0.455,0.364,0.065,10.6,14.5,12.6,7.4,2.5,6.3,10.2,16.7,0,0.4,0.3,0.07,-2.5,1.1,-1.4,0
80,Bruno Caboclo,SF,24,MEM,22,192,11.9,0.441,0.362,0.043,9.5,14.5,12,7,2.4,5.4,9.1,16.7,-0.1,0.3,0.2,0.051,-3.3,0.8,-2.4,0
80,Bruno Caboclo,SF,24,HOU,5,28,23.6,0.563,0.375,0.25,18.6,15.1,16.9,10.1,3.3,12.2,18.4,16,0.1,0.1,0.1,0.2,2.5,3.2,5.7,0.1
81,Kentavious Caldwell-Pope,SG,26,LAL,63,1603,11.6,0.592,0.474,0.204,2.6,6.3,4.5,8.7,1.6,0.7,9.8,14.8,2,1.8,3.8,0.114,-0.8,0.5,-0.3,0.7
82,Vlatko Čančar,SF,22,DEN,14,45,11.4,0.507,0.4,0.267,12.4,12.4,12.4,9.1,1.1,2,15.2,19.1,0,0,0.1,0.069,-3.5,-1.1,-4.5,0
83,Clint Capela,C,25,HOU,39,1279,20.7,0.626,0,0.268,13.7,30.5,22,5.7,1.2,4.8,12.7,16,2.9,2.1,5,0.186,1.1,0.4,1.5,1.1
84,DeMarre Carroll,SF,33,TOT,21,231,8.5,0.523,0.5,0.667,5.1,16.7,10.9,10.1,0.8,1.5,18.6,15.8,0,0.1,0.1,0.026,-3.4,-1.1,-4.5,-0.1
84,DeMarre Carroll,SF,33,SAS,15,135,5,0.437,0.448,0.69,5.6,19.2,12.4,10.2,0.7,1.3,20.9,15.4,-0.2,0.1,-0.1,-0.038,-6,-1.1,-7.1,-0.2
84,DeMarre Carroll,SF,33,HOU,6,96,13.5,0.624,0.56,0.64,4.3,13.2,8.7,10,1,1.8,15.8,16.4,0.2,0.1,0.2,0.116,0.3,-1.1,-0.8,0
85,Jevon Carter,PG,24,PHO,50,754,10.4,0.535,0.571,0.122,3.6,11,7.2,11.7,2.4,1.5,12.6,13.9,0.3,0.7,1.1,0.068,-1.6,1,-0.6,0.3
86,Vince Carter,SF,43,ATL,60,876,7.6,0.47,0.664,0.095,2.2,13.2,7.6,7.7,1.2,2.4,9.4,16.6,-0.6,0.4,-0.2,-0.011,-3.1,-1.2,-4.3,-0.5
87,Wendell Carter Jr.,C,20,CHI,43,1256,15.5,0.59,0.085,0.443,11.6,24.6,17.8,6,1.3,2.7,14.9,16.4,1.7,1.6,3.3,0.127,-2.1,-0.3,-2.4,-0.1
88,Michael Carter-Williams,SG,28,ORL,42,773,15.7,0.539,0.281,0.36,5.9,13.8,9.7,19.4,2.8,2.3,14.6,18.4,0.7,1.1,1.9,0.116,-1.3,1.7,0.4,0.5
89,Alex Caruso,PG,25,LAL,58,1032,11,0.538,0.412,0.292,1.5,10.1,5.9,12.6,2.8,1.4,13.6,13.9,0.6,1.6,2.2,0.103,-2.4,2.4,0.1,0.5
90,Willie Cauley-Stein,C,26,TOT,54,1097,17,0.589,0.003,0.219,8,23.2,15.5,9.9,2.1,4.9,10.8,14.4,1.5,1.5,3,0.129,-1.2,1.7,0.5,0.7
90,Willie Cauley-Stein,C,26,GSW,41,940,16.2,0.573,0,0.222,7.9,22,14.7,9.9,2.3,4.8,11,14.4,1,1.2,2.2,0.113,-1.5,1.6,0.1,0.5
90,Willie Cauley-Stein,C,26,DAL,13,157,22.3,0.684,0.022,0.2,8.8,30.7,20,9.6,1.2,5.9,9.3,14.7,0.5,0.3,0.8,0.23,1,2.3,3.2,0.2
91,Tyson Chandler,C,37,HOU,26,219,10.8,0.717,0,0.722,11.9,19.8,15.8,3.5,1.3,3.1,25.2,6,0.3,0.3,0.6,0.13,-2.5,1.1,-1.4,0
92,Wilson Chandler,SF,32,BRK,35,734,7.4,0.531,0.661,0.126,1.6,18.3,10.2,7.4,1,1.4,15,13,-0.1,0.9,0.8,0.05,-3.9,1,-2.9,-0.2
93,Joe Chealey,PG,24,CHO,4,33,-2.8,0.127,0.571,0.286,0,0,0,3.9,6.1,0,20.2,13.2,-0.2,0,-0.1,-0.189,-14.3,1.7,-12.6,-0.1
94,Zylan Cheatham,SF,24,NOP,3,31,0.1,0.4,0.2,0,3.4,17.1,10.2,7.9,0,2.7,37.5,10.5,-0.1,0,-0.1,-0.08,-10.2,0.1,-10.2,-0.1
95,Chris Chiozza,PG,24,TOT,21,249,12.9,0.526,0.519,0.025,2.5,12.5,7.4,26.7,2.8,0.7,17.5,16.2,0.1,0.3,0.4,0.077,-0.8,1.6,0.8,0.2
95,Chris Chiozza,PG,24,WAS,10,123,9.2,0.397,0.471,0,0,13.9,6.7,28.9,3.8,1.4,20.9,14.5,-0.1,0.1,0,-0.002,-3.6,2.1,-1.4,0
95,Chris Chiozza,PG,24,BRK,11,126,16.5,0.621,0.556,0.044,5,11.2,8.2,24.5,1.9,0,14.8,17.9,0.3,0.1,0.4,0.154,1.8,1.1,3,0.2
96,Marquese Chriss,PF,22,GSW,59,1196,19.4,0.604,0.101,0.405,10,23.6,16.5,15.3,1.6,4.7,14.7,19,2.1,1.3,3.4,0.136,0.1,0.5,0.6,0.8
97,Gary Clark,PF,25,TOT,35,425,10.3,0.534,0.851,0.089,6.6,14.8,10.6,4.7,0.6,2.9,4.5,10.9,0.5,0.4,0.9,0.098,-1.1,-1.1,-2.2,0
97,Gary Clark,PF,25,HOU,18,212,11.9,0.564,0.864,0.119,5.4,14.4,9.9,7.6,0.4,2.8,3.1,12.5,0.4,0.2,0.6,0.126,0.4,-0.9,-0.5,0.1
97,Gary Clark,PF,25,ORL,17,213,8.8,0.49,0.833,0.048,7.8,15.1,11.3,1.9,0.7,3,6.5,9.3,0.1,0.2,0.3,0.07,-2.7,-1.3,-3.9,-0.1
98,Brandon Clarke,PF,23,MEM,50,1086,21.8,0.67,0.127,0.228,7.7,20.3,14.1,10.1,1.1,3.3,9.3,19,3.1,1.3,4.4,0.192,2.8,0.7,3.5,1.5
99,Jordan Clarkson,SG,27,TOT,63,1527,17.9,0.583,0.469,0.193,3.5,8.5,6,13.4,1.4,0.8,9.1,25.5,2.6,0.9,3.5,0.11,2.7,-1.1,1.6,1.4
99,Jordan Clarkson,SG,27,CLE,29,666,18.6,0.581,0.488,0.264,3.5,8.1,5.8,17,1.2,1,9.7,25.9,1.4,0.1,1.5,0.108,4.1,-1.4,2.7,0.8
99,Jordan Clarkson,SG,27,UTA,34,861,17.4,0.584,0.454,0.138,3.5,8.8,6.2,10.5,1.5,0.7,8.7,25.3,1.2,0.8,2,0.112,1.6,-0.9,0.7,0.6
100,Nicolas Claxton,PF,20,BRK,15,187,14.9,0.577,0.146,0.438,10.7,13.4,12.1,12.6,0.3,3.5,13.6,14.8,0.3,0.2,0.5,0.124,-0.7,0,-0.7,0.1
101,Chris Clemons,SG,22,HOU,29,251,12.6,0.546,0.746,0.056,1.2,8.4,4.8,13.5,1.1,1.7,11.6,24,0.1,0.2,0.2,0.046,0.4,-1.7,-1.3,0.1
102,Antonius Cleveland,SG,25,DAL,6,22,2.9,0.363,0.167,0.333,0,14,7.1,0,2.2,3.9,12.7,15.3,-0.1,0,0,-0.074,-8.9,0.7,-8.3,0
103,Amir Coffey,SG,22,LAC,13,98,5.9,0.408,0.212,0.091,4.3,10.3,7.4,12.6,0.5,0.9,8,15.8,-0.1,0.1,0,0.009,-5.7,-1.1,-6.8,-0.1
104,John Collins,PF,22,ATL,41,1363,23.5,0.659,0.243,0.248,9,24,16.4,7.6,1.1,4.1,10.1,22.7,3.8,1.1,4.9,0.174,3.7,-0.7,3.1,1.7
105,Zach Collins,PF,22,POR,3,86,9,0.624,0.368,0.316,4.9,9.5,7.2,9.1,0,2,21.7,13.6,0.1,0,0.1,0.045,-1.1,-0.7,-1.7,0
106,Mike Conley,PG,32,UTA,41,1171,13.7,0.527,0.438,0.241,2.7,9.5,6.2,22.8,1.3,0.3,12.4,23,1,1,2.1,0.085,0.4,-0.4,0,0.6
107,Pat Connaughton,SG,27,MIL,61,1119,11.2,0.558,0.525,0.138,5.3,16.9,11.4,10.6,0.8,2.3,14.5,11.9,0.9,2.1,3,0.13,-1.1,1.6,0.5,0.7
108,Quinn Cook,PG,26,LAL,38,409,10.5,0.517,0.382,0.052,1.9,8.6,5.3,13.9,1.3,0.2,12.4,20.8,-0.1,0.4,0.4,0.043,-2.3,-1,-3.3,-0.1
109,Tyler Cook,PF,22,CLE,11,35,23.8,0.752,0,0.6,12.6,19.2,15.9,4.5,1.4,0,7.3,16.7,0.2,0,0.2,0.244,3,-0.6,2.4,0
110,Robert Covington,PF,29,TOT,62,1867,13.6,0.571,0.654,0.167,3,19.9,11.2,5.8,2.4,3.6,11.8,17.4,0.9,2.4,3.3,0.085,-1,1.1,0.1,1
110,Robert Covington,PF,29,MIN,48,1411,13.5,0.572,0.629,0.19,2.6,19.5,10.7,5.9,2.6,2.6,12,17.8,0.5,1.7,2.3,0.078,-1.2,1.2,0,0.7
110,Robert Covington,PF,29,HOU,14,456,14.1,0.566,0.737,0.092,4.1,21.3,12.7,5.5,1.5,6.6,11.2,16.1,0.3,0.7,1,0.108,-0.3,0.8,0.5,0.3
111,Allen Crabbe,SG,27,TOT,37,653,6,0.47,0.672,0.079,1.8,11,6.3,6.8,1.1,0.5,8.5,12.7,-0.2,0.1,-0.1,-0.007,-3.7,-1.5,-5.3,-0.5
111,Allen Crabbe,SG,27,ATL,28,522,7.2,0.482,0.65,0.084,2,11.5,6.7,7.3,1.3,0.6,7.5,12.7,0,0.1,0.1,0.008,-3,-1.1,-4.1,-0.3
111,Allen Crabbe,SG,27,MIN,9,131,1.1,0.416,0.765,0.059,0.8,9.2,4.8,5.1,0,0,12.5,12.5,-0.2,0,-0.2,-0.068,-6.6,-3.2,-9.9,-0.3
112,Torrey Craig,SF,29,DEN,50,869,10.4,0.559,0.524,0.149,6.1,13.8,10,5.2,1,3.4,9,12.2,0.8,0.9,1.7,0.095,-2.4,0.1,-2.3,-0.1
113,Jae Crowder,SF,29,TOT,58,1695,12.1,0.532,0.692,0.236,3.1,18.7,11.1,11.7,1.9,1.1,9.9,15.6,1.2,2,3.2,0.09,-0.9,0.3,-0.6,0.6
113,Jae Crowder,SF,29,MEM,45,1322,11,0.507,0.667,0.238,3.2,18.4,11,12.2,1.7,0.9,10.9,15.6,0.5,1.4,1.9,0.068,-1.4,0.1,-1.2,0.3
113,Jae Crowder,SF,29,MIA,13,373,16,0.618,0.781,0.228,2.5,19.6,11.4,10.3,2.6,1.9,6,15.8,0.7,0.6,1.3,0.168,0.7,1.1,1.8,0.4
114,Jarrett Culver,SG,20,MIN,63,1506,9.6,0.467,0.388,0.206,4.7,10.3,7.4,10.8,1.8,2.1,11.5,19.2,-1.2,1.1,-0.1,-0.004,-3.2,-0.8,-4,-0.8
115,Seth Curry,SG,29,DAL,59,1448,16.2,0.65,0.564,0.165,1.9,8,5,12.1,1.2,0.5,9.5,18.6,3.4,0.9,4.3,0.144,2,-0.7,1.4,1.2
116,Stephen Curry,PG,31,GSW,5,139,21.7,0.557,0.598,0.317,3,17.8,10.1,42.3,1.7,1.3,14.6,33.6,0.2,0.1,0.3,0.104,4.5,-0.6,3.9,0.2
117,Troy Daniels,SG,28,TOT,42,457,8.9,0.524,0.711,0.101,2.9,7.9,5.5,4.1,0.8,0.6,5.1,16.2,0.2,0.4,0.7,0.07,-1.2,-1,-2.2,0
117,Troy Daniels,SG,28,LAL,41,456,9,0.527,0.709,0.101,2.9,7.9,5.5,4.1,0.8,0.6,5.2,16.1,0.3,0.4,0.7,0.072,-1.1,-1,-2.1,0
117,Troy Daniels,SG,28,DEN,1,1,-40.8,0,1,0,0,0,0,0,0,0,0,43.4,0,0,0,-1.036,-38.4,-22.8,-61.2,0
118,Anthony Davis,PF,26,LAL,55,1889,28.2,0.614,0.195,0.46,7.3,22.1,14.9,14.6,2.1,6.2,10.1,29.7,6.2,4.1,10.3,0.262,5.8,2.8,8.5,5
119,Ed Davis,C,30,UTA,25,268,7.3,0.425,0,0.324,12.4,25.8,19.4,3.8,1.8,2.8,25.1,8.5,-0.1,0.5,0.4,0.074,-5.5,1.7,-3.9,-0.1
120,Terence Davis,SG,22,TOR,64,1087,14.5,0.598,0.568,0.133,4.6,16.3,10.5,14.6,1.4,1.1,13.6,18.9,1.4,1.6,3,0.133,0.7,0.6,1.3,0.9
121,Dewayne Dedmon,C,30,TOT,44,774,9.4,0.473,0.42,0.141,8.5,27.7,17.9,4.1,1.5,4.8,17.4,18.2,-1,1.1,0.1,0.006,-5.8,0,-5.8,-0.7
121,Dewayne Dedmon,C,30,SAC,34,541,8.5,0.477,0.415,0.164,9.3,25.9,17.4,3.9,1.4,4.6,20.4,18.6,-0.8,0.7,-0.1,-0.005,-6.3,-0.1,-6.4,-0.6
121,Dewayne Dedmon,C,30,ATL,10,233,11.4,0.463,0.429,0.095,6.4,31.8,18.9,4.3,2,5.4,10.3,17.4,-0.2,0.3,0.2,0.032,-4.5,0.1,-4.4,-0.1
122,Matthew Dellavedova,PG,29,CLE,57,821,8.1,0.463,0.52,0.211,2.4,7.8,5.1,29,1.2,0.2,23.6,13,0.1,0.1,0.2,0.01,-3.6,-1.6,-5.2,-0.7
123,DeMar DeRozan,SF,30,SAS,61,2091,21.3,0.597,0.031,0.419,2,15.7,8.9,26,1.4,0.6,11.5,26.6,5.1,1.1,6.2,0.143,2.1,-0.5,1.6,1.9
124,Cheick Diallo,C,23,PHO,44,467,16.3,0.688,0.015,0.27,6.5,24.1,15.1,7.2,1,2.3,16.4,16.7,0.8,0.5,1.3,0.129,-1.1,-0.3,-1.4,0.1
125,Hamidou Diallo,SF,21,OKC,38,699,8.4,0.488,0.16,0.205,4.8,14.3,9.7,4.5,2,1,13.4,17.4,-0.6,0.8,0.2,0.014,-5,0.3,-4.8,-0.5
126,Gorgui Dieng,C,30,TOT,58,1012,17.4,0.564,0.414,0.242,8.8,26.5,17.5,10.3,2.2,4.6,12.7,17.7,1.1,1.6,2.7,0.128,0,1.8,1.8,0.9
126,Gorgui Dieng,C,30,MIN,46,778,17.8,0.563,0.433,0.213,9.5,25.8,17.4,11.1,2.2,4.5,12.7,18.4,1,1.1,2.1,0.129,0.3,1.5,1.8,0.7
126,Gorgui Dieng,C,30,MEM,12,234,16.2,0.568,0.333,0.364,6.4,29,17.9,7.5,2.2,5.2,12.6,15.6,0.2,0.4,0.6,0.128,-1.2,2.9,1.7,0.2
127,Spencer Dinwiddie,SG,26,BRK,64,1994,17.9,0.541,0.392,0.437,1.7,9.5,5.7,35.6,1,0.9,12.5,29.2,3.4,1.7,5.1,0.123,2.6,-0.8,1.7,1.9
128,Donte DiVincenzo,SG,23,MIL,59,1362,15,0.57,0.489,0.173,4.6,15.7,10.5,13.3,2.7,1.2,12.9,16.9,1.4,3.1,4.5,0.158,-0.6,2.7,2.1,1.4
129,Luka Dončić,PG,20,DAL,54,1799,27.7,0.584,0.442,0.442,4.1,24.7,14.6,45.3,1.6,0.5,14.6,37,5.8,2.3,8.1,0.215,7.3,1.1,8.4,4.7
130,Luguentz Dort,SG,20,OKC,29,637,7.3,0.521,0.465,0.229,2.7,6.6,4.7,4.5,1.8,0.3,8,13,0.2,0.5,0.7,0.052,-4.3,0.4,-3.9,-0.3
131,Damyean Dotson,SG,25,NYK,48,836,10.9,0.527,0.562,0.114,1.2,10.6,5.8,10,1.3,0.5,6.5,16.5,0.6,0.3,0.9,0.053,-0.9,-0.5,-1.4,0.1
132,Sekou Doumbouya,SF,19,DET,38,754,6.2,0.474,0.415,0.195,3,14.9,8.9,3.6,1.3,0.9,12,16.9,-0.8,0.5,-0.3,-0.02,-5.2,-1.5,-6.7,-0.9
133,PJ Dozier,PG,23,DEN,21,234,9.3,0.449,0.308,0.121,2.4,11.9,7.1,17.5,1.5,2,10.3,19.8,-0.1,0.2,0.1,0.019,-4.4,-0.8,-5.2,-0.2
134,Goran Dragić,PG,33,MIA,54,1531,15.9,0.571,0.472,0.333,2,9.9,6.1,28.6,1,0.5,14.9,25.7,2,1.1,3,0.095,1.4,-1.9,-0.5,0.6
135,Andre Drummond,C,26,TOT,57,1879,22,0.553,0.045,0.375,14.9,37.5,26,13.6,2.8,4.2,18.2,25.9,0.7,3.6,4.3,0.109,-0.1,1.1,1,1.4
135,Andre Drummond,C,26,DET,49,1654,22.1,0.55,0.031,0.376,15.3,38.2,26.6,14,2.9,4.2,18,25.5,0.7,3.3,4,0.116,0,1.2,1.1,1.3
135,Andre Drummond,C,26,CLE,8,225,21.1,0.573,0.133,0.371,11.7,32.4,22,10.8,2.6,4.2,19.2,28.7,-0.1,0.3,0.3,0.054,-0.8,0.4,-0.5,0.1
136,Jared Dudley,SF,34,LAL,40,311,7.4,0.57,0.68,0.04,1.8,13,7.5,7.4,1.8,0.8,10.5,7.7,0.2,0.4,0.7,0.103,-2.7,2,-0.7,0.1
137,Kris Dunn,PG,25,CHI,51,1269,12.1,0.51,0.327,0.158,1.9,14.9,8.1,19.4,3.8,1.3,15.7,14.6,0.3,2,2.3,0.085,-3.7,3.1,-0.6,0.4
138,Carsen Edwards,SG,21,BOS,35,316,6.5,0.446,0.602,0.115,2.1,12.4,7.3,9.5,1.5,0.9,11.2,18.1,-0.3,0.4,0.1,0.012,-4.6,-0.3,-4.9,-0.2
139,Henry Ellenson,PF,23,BRK,5,15,-1.2,0.143,0.571,0,14.1,26.8,20.6,8.8,0,0,0,19.5,-0.1,0,-0.1,-0.18,-7.9,-3.1,-11,0
140,Wayne Ellington,SG,32,NYK,36,558,8.5,0.509,0.822,0.075,0.7,12,6.2,11,1.1,0.7,9.1,15,0.2,0.2,0.4,0.035,-1.9,-1,-2.8,-0.1
141,Joel Embiid,C,25,PHI,44,1329,26,0.593,0.23,0.545,10.1,33.1,21.6,17.3,1.4,3.7,13.4,32.6,3.2,2.4,5.6,0.203,4.1,1.2,5.2,2.4
142,James Ennis,SF,29,TOT,61,1053,11.5,0.557,0.473,0.265,6.3,14.5,10.4,7.2,1.3,1.6,11.6,15.2,0.9,1.2,2.1,0.096,-2.1,-0.3,-2.5,-0.1
142,James Ennis,SF,29,PHI,49,776,12.3,0.564,0.469,0.27,6.8,14.5,10.7,7.4,1.4,1.5,10.9,15.8,0.8,0.9,1.8,0.109,-1.6,0,-1.6,0.1
142,James Ennis,SF,29,ORL,12,277,9.4,0.537,0.485,0.25,4.9,14.4,9.5,6.6,1.1,2,13.7,13.7,0.1,0.3,0.3,0.06,-3.7,-1.3,-5,-0.2
143,Drew Eubanks,PF,22,SAS,14,130,15.3,0.776,0.036,0.393,6.6,22.4,14.5,5.5,0.7,4.1,23.3,14.3,0.2,0.1,0.3,0.12,-2.6,-1,-3.7,-0.1
144,Jacob Evans,SG,22,TOT,29,418,5.5,0.436,0.291,0.216,2.3,8.6,5.3,10.8,1.3,2.6,14.6,17.5,-0.7,0.2,-0.5,-0.056,-5.7,-1.3,-7,-0.5
144,Jacob Evans,SG,22,GSW,27,414,5.7,0.439,0.286,0.218,2.3,8.7,5.4,10.9,1.3,2.6,14.6,17.6,-0.6,0.2,-0.5,-0.054,-5.7,-1.3,-7,-0.5
144,Jacob Evans,SG,22,MIN,2,4,-9.6,0,1,0,0,0,0,0,0,0,0,10.3,0,0,0,-0.264,-10.4,-5.6,-16,0
145,Dante Exum,SG,24,TOT,35,485,10.4,0.576,0.361,0.361,2.8,12.6,7.7,11.5,1.3,1.4,18.4,15,0.2,0.2,0.4,0.043,-2.5,-0.4,-2.9,-0.1
145,Dante Exum,SG,24,UTA,11,83,4.8,0.503,0.261,0.087,4.2,11.4,7.9,11.8,0.6,2,29.5,17.9,-0.2,0.1,-0.1,-0.054,-5.1,-0.5,-5.6,-0.1
145,Dante Exum,SG,24,CLE,24,402,11.5,0.592,0.385,0.427,2.5,12.8,7.6,11.4,1.5,1.3,15.6,14.4,0.4,0.2,0.5,0.063,-1.9,-0.4,-2.3,0
146,Tacko Fall,C,24,BOS,6,24,23.9,0.713,0,0.25,0,48.7,24.6,0,0,7.7,18.4,29,0,0.1,0.1,0.102,-2,3.1,1,0
147,Derrick Favors,C,28,NOP,45,1089,19,0.624,0.023,0.203,14.1,29,21.5,9.8,1.1,3.4,13.3,14.4,2.4,1.4,3.8,0.168,0.8,0.4,1.2,0.9
148,Cristiano Felício,PF,27,CHI,22,386,12.8,0.671,0.037,0.426,15,14.1,14.6,5.7,1.2,0.5,21.9,9.1,0.7,0.3,1,0.126,-1.4,-1.6,-3,-0.1
149,Terrance Ferguson,SF,21,OKC,50,1170,4.1,0.504,0.779,0.095,2.3,4.6,3.5,5,1.1,1.2,12.6,9,-0.1,0.8,0.7,0.027,-4.5,0.3,-4.1,-0.6
150,Bruno Fernando,C,21,ATL,56,713,11.9,0.542,0.186,0.256,10,20,15,9.9,1.2,2,15.9,15.3,0.4,0.4,0.8,0.055,-3.2,-1,-4.1,-0.4
151,Yogi Ferrell,PG,26,SAC,44,484,10.7,0.499,0.408,0.219,1.4,10,5.6,17.6,1.4,0.8,11.9,18.9,0.1,0.3,0.4,0.036,-2.1,-0.4,-2.5,-0.1
152,Dorian Finney-Smith,PF,26,DAL,64,1898,12.2,0.597,0.58,0.212,7,12.3,9.7,6.8,1.1,1.7,11.2,12.7,2.9,1.6,4.5,0.114,0,-0.1,-0.2,0.9
153,Bryn Forbes,SG,26,SAS,63,1579,11.2,0.57,0.656,0.155,0.8,7.8,4.3,9.6,1,0,8.4,18.6,1.2,0.2,1.5,0.045,-0.6,-2.1,-2.7,-0.3
154,Evan Fournier,SG,27,ORL,61,1931,16.7,0.599,0.467,0.236,0.9,8.1,4.4,16.5,1.8,0.7,11.1,24.2,2.7,1.7,4.4,0.11,1.5,-0.3,1.2,1.6
155,De'Aaron Fox,PG,22,SAC,45,1426,20.3,0.556,0.221,0.442,2.3,12.3,7.2,35.4,2.2,1.5,14.6,29.6,2.1,1.3,3.5,0.117,2.1,-0.3,1.8,1.4
156,Melvin Frazier,SG,23,ORL,15,51,7.5,0.48,0.412,0.235,2,6.5,4.2,2.8,3.8,3.5,13.8,18.5,-0.1,0.1,0,0.003,-6,1.5,-4.5,0
157,Michael Frazier,SG,25,HOU,8,66,2.4,0.513,0.727,0.545,1.6,3.2,2.4,1.9,1.4,0,12.8,9.8,0,0,0,0.016,-7.9,-0.9,-8.8,-0.1
158,Tim Frazier,PG,29,DET,27,355,9.8,0.464,0.319,0.255,2.8,7.8,5.3,36.5,1.9,0.9,25.6,17.3,-0.1,0.2,0.1,0.016,-2.9,-1.6,-4.5,-0.2
159,Markelle Fultz,PG,21,ORL,64,1813,14.4,0.523,0.175,0.209,2,10.9,6.3,28.8,2.2,0.5,15.1,20.7,0.8,1.9,2.7,0.071,-1.9,0.2,-1.7,0.1
160,Wenyen Gabriel,PF,22,TOT,28,210,9.6,0.547,0.435,0.435,9.1,14,11.6,5,2.3,2.5,22.6,14.5,0,0.2,0.2,0.043,-3.9,0,-3.9,-0.1
160,Wenyen Gabriel,PF,22,SAC,11,61,7.5,0.444,0.471,0.588,7.2,11.4,9.2,6.7,2.4,3.1,18.9,18.9,-0.1,0.1,0,-0.027,-4.4,0.5,-3.9,0
160,Wenyen Gabriel,PF,22,POR,17,149,10.5,0.614,0.414,0.345,9.9,15.1,12.5,4.3,2.2,2.3,24.8,12.6,0.1,0.1,0.2,0.072,-3.7,-0.2,-3.9,-0.1
161,Daniel Gafford,C,21,CHI,43,609,16.2,0.686,0,0.448,9,10.3,9.6,5.2,1,8.7,15.3,13.3,1.1,0.8,1.8,0.146,-2.8,1.5,-1.3,0.1
162,Danilo Gallinari,PF,31,OKC,55,1690,19.4,0.611,0.538,0.352,2.2,17.1,9.9,10.5,1.2,0.2,7.5,24.4,4.1,1.6,5.7,0.163,4.1,-0.9,3.2,2.2
163,Langston Galloway,SG,28,DET,66,1702,12.3,0.584,0.611,0.157,2.2,7.8,5,8.8,1.4,0.5,6.5,15.9,2.4,0.7,3.1,0.087,0.1,-0.9,-0.8,0.5
164,Darius Garland,PG,20,CLE,59,1824,8.5,0.498,0.423,0.103,1.6,5.2,3.4,18.5,1.1,0.2,17.1,20.7,-1.3,0,-1.3,-0.035,-2.7,-2.9,-5.6,-1.7
165,Marc Gasol,C,35,TOR,36,990,11.9,0.546,0.538,0.153,3.2,20.8,12.2,16.9,1.3,3.2,14.6,12.7,0.9,1.8,2.7,0.128,-0.9,2.7,1.8,0.9
166,Rudy Gay,PF,33,SAS,60,1287,14.4,0.545,0.369,0.225,4.7,22.3,13.5,11.3,1,1.9,12.4,21.3,0.6,0.9,1.5,0.054,-0.5,-1,-1.5,0.2
167,Paul George,SF,29,LAC,42,1222,20.5,0.582,0.494,0.277,1.9,18.1,10.2,21.2,2.2,1.4,13,29.6,1.9,2,3.9,0.153,3.4,1.1,4.5,2
168,Taj Gibson,C,34,NYK,62,1025,16.1,0.61,0.049,0.196,11.2,16.7,13.9,7.6,1.3,2.8,13.1,14.8,1.8,0.8,2.6,0.12,-0.7,-0.4,-1.1,0.2
169,Harry Giles,PF,21,SAC,38,579,16.3,0.586,0,0.208,6.3,25.2,15.5,13.4,1.8,2.3,13.4,19.6,0.7,0.7,1.4,0.12,-2.2,1.1,-1.1,0.1
170,Shai Gilgeous-Alexander,SG,21,OKC,63,2214,17.8,0.566,0.237,0.339,2.3,16.4,9.6,14.8,1.5,1.7,9.8,23.7,2.9,2.6,5.5,0.12,1.4,0.2,1.6,2
171,Rudy Gobert,C,27,UTA,62,2142,21.7,0.7,0,0.725,11.3,31.3,21.8,6.5,1.1,4.8,15.2,16.1,6,4,10,0.225,1.8,1.9,3.7,3.1
172,Brandon Goodwin,PG,24,ATL,34,430,11.7,0.507,0.458,0.158,2.7,15.5,9,18,1.3,0.8,12.5,22.4,-0.1,0.2,0.1,0.013,-1.5,-1.3,-2.9,-0.1
173,Aaron Gordon,PF,24,ORL,58,1914,14.8,0.511,0.311,0.28,5.6,19.6,12.4,17.2,1.3,1.7,10.3,20.6,1.2,2.2,3.3,0.084,-0.3,0.1,-0.3,0.8
174,Eric Gordon,SG,31,HOU,34,972,10.5,0.511,0.658,0.235,0.9,6.2,3.5,7.8,1.1,1.1,6.9,22.1,0.2,0.5,0.7,0.037,-1.6,-2,-3.6,-0.4
175,Devonte' Graham,PG,24,CHO,63,2211,15.8,0.537,0.607,0.242,2,8.7,5.2,35.3,1.4,0.6,14.5,24.8,2.5,0.9,3.4,0.073,2.6,-2.1,0.5,1.4
176,Treveon Graham,SG,26,TOT,55,929,6.6,0.456,0.496,0.231,5.7,11.7,8.6,6.6,1.2,0.5,9.8,13.1,-0.2,0.4,0.2,0.009,-4.5,-1.1,-5.5,-0.8
176,Treveon Graham,SG,26,MIN,33,663,6,0.447,0.474,0.211,4.5,11.7,8,6.1,1.2,0.3,9,13.1,-0.2,0.3,0,0.003,-5,-0.8,-5.8,-0.6
176,Treveon Graham,SG,26,ATL,22,266,8,0.478,0.552,0.284,8.8,11.5,10.1,7.6,1.2,1.3,11.7,13.3,0,0.1,0.1,0.022,-3.2,-1.7,-4.9,-0.2
177,Jerami Grant,PF,25,DEN,64,1676,14.2,0.585,0.394,0.308,3.5,11.6,7.5,6.7,1.3,2.9,8,17.8,2.4,1.7,4,0.116,-0.1,-0.4,-0.4,0.7
178,Josh Gray,PG,26,NOP,2,23,-5,0.5,0,0,4.6,4.6,4.6,10.4,0,0,71.4,12.4,-0.1,0,-0.1,-0.224,-11.3,-4.7,-16,-0.1
179,Danny Green,SG,32,LAL,61,1529,11.1,0.564,0.704,0.104,3.2,11.3,7.3,7.3,2.4,1.7,10.8,13.8,1.1,2.4,3.4,0.108,-0.8,1.7,0.9,1.1
180,Draymond Green,PF,29,GSW,43,1222,12.6,0.489,0.408,0.263,2,22.3,11.8,31.2,2.3,2.4,21.8,15.7,-0.2,1.3,1.1,0.044,-2,1.9,-0.2,0.6
181,JaMychal Green,PF,29,LAC,55,1130,10.8,0.554,0.675,0.146,7,24.3,15.9,5.1,1,1.6,12.3,13.5,0.8,1.8,2.6,0.111,-1.4,0.6,-0.8,0.3
182,Javonte Green,SF,26,BOS,44,414,12.3,0.558,0.235,0.367,4.7,15.9,10.4,7.6,2.7,1.6,13.7,13.6,0.3,0.7,1,0.112,-2.4,1.8,-0.6,0.1
183,Jeff Green,PF,33,TOT,40,754,12.8,0.575,0.529,0.28,3.4,12.5,8.1,6.2,1.3,1.7,10.9,18.9,0.6,0.8,1.4,0.089,-0.4,0,-0.5,0.3
183,Jeff Green,PF,33,UTA,30,553,10.1,0.523,0.533,0.323,2.9,12.7,8,5.2,1.1,1.5,10.8,19.8,0,0.6,0.6,0.048,-1.8,-0.2,-2,0
183,Jeff Green,PF,33,HOU,10,201,20,0.739,0.515,0.152,4.7,12.1,8.3,9.2,2.1,2.1,11.3,16.3,0.6,0.2,0.8,0.201,3.5,0.4,3.9,0.3
184,Blake Griffin,PF,30,DET,18,512,11.9,0.476,0.444,0.392,3.7,15,9.3,18,0.7,1.1,12,28.4,-0.4,0.2,-0.1,-0.012,-1.7,-2.6,-4.2,-0.3
185,Marko Guduric,SG,24,MEM,42,476,8.8,0.515,0.526,0.162,3.1,12.3,7.8,12.4,1.2,1.5,17.9,17.6,-0.2,0.4,0.1,0.012,-2.6,-0.8,-3.4,-0.2
186,Kyle Guy,SG,22,SAC,2,4,9.8,0.5,0.5,0,0,0,0,0,0,0,0,21.8,0,0,0,-0.022,-1.3,-2.8,-4.1,0
187,Rui Hachimura,PF,21,WAS,41,1217,13.9,0.543,0.16,0.243,5.5,17.4,11.2,8.3,1.3,0.5,7.5,18.7,1.3,0.4,1.7,0.066,-1.1,-1.9,-3,-0.3
188,Devon Hall,SG,24,OKC,5,20,3.6,0.37,0.4,0.8,0,5.4,2.8,19.1,0,0,12.9,17.1,0,0,0,-0.064,-6.2,-3.6,-9.7,0
189,Donta Hall,PF,22,DET,4,48,7.3,0.452,0,1.5,14,21.6,17.7,5.3,1,1.7,23.1,7.9,0,0,0.1,0.067,-5.6,-1.4,-7.1,-0.1
190,Dusty Hannahs,SG,26,MEM,2,13,21.3,0.607,0.333,0.222,0,7.9,4,0,0,0,0,31.6,0,0,0,0.146,5.2,-2.1,3.1,0
191,Tim Hardaway Jr.,SG,27,DAL,63,1815,15,0.581,0.574,0.191,1.4,9.9,5.7,10.2,1,0.2,6.6,21.7,3.1,1.1,4.2,0.111,1.5,-1.2,0.4,1.1
192,James Harden,SG,30,HOU,61,2241,28.4,0.616,0.555,0.519,3,15.3,9.1,34.4,2.2,2,13.8,36.4,8.7,2.7,11.5,0.245,7.9,1.2,9,6.3
193,Maurice Harkless,SF,26,TOT,62,1427,9.7,0.572,0.346,0.233,4.1,13.3,8.7,6.3,1.9,2,14.5,10.7,0.8,1.9,2.7,0.09,-2.6,1.9,-0.8,0.5
193,Maurice Harkless,SF,26,LAC,50,1141,9.6,0.584,0.336,0.194,4.4,13.5,9,5.5,2,2.3,16.3,10.3,0.5,1.7,2.3,0.096,-2.5,2.4,-0.1,0.6
193,Maurice Harkless,SF,26,NYK,12,286,10.1,0.536,0.379,0.364,2.9,12.3,7.5,9.7,1.5,1,8.4,12.4,0.3,0.2,0.4,0.069,-3.1,-0.3,-3.5,-0.1
194,Jared Harper,PG,22,PHO,3,8,-5.3,0.25,0.5,0,0,0,0,0,0,0,0,21.3,0,0,0,-0.253,-10.2,-5.7,-15.8,0
195,Montrezl Harrell,C,26,LAC,63,1749,23.1,0.607,0.022,0.432,9.9,16.2,13.1,10.3,1.1,3.6,10.1,25.5,4.5,2.5,7,0.193,2.4,0.5,2.9,2.2
196,Gary Harris,SG,25,DEN,56,1780,9.7,0.519,0.405,0.177,1.6,8.6,5.1,8.9,2.1,0.7,9.7,15.1,0.5,1.7,2.2,0.059,-2.8,0.4,-2.4,-0.2
197,Joe Harris,SF,28,BRK,63,1946,12.7,0.592,0.523,0.118,3.3,10.9,7.2,10.3,0.9,0.7,11.1,17.9,2.1,1.7,3.8,0.094,0,-0.5,-0.5,0.8
198,Tobias Harris,PF,27,PHI,65,2243,16.8,0.557,0.309,0.183,2.7,19,10.8,14.6,1.1,1.3,7.9,23.6,3,2.6,5.6,0.12,1,-0.4,0.6,1.5
199,Shaquille Harrison,SF,26,CHI,43,484,17.8,0.559,0.255,0.303,4.8,15.3,9.8,15.3,3.4,3.7,9.2,18.1,0.8,0.8,1.5,0.153,0.4,2.4,2.8,0.6
200,Josh Hart,SF,24,NOP,57,1563,11.7,0.556,0.676,0.189,3.6,21.4,12.5,8,1.7,1.1,11.1,15.3,1,1.7,2.7,0.083,-1.2,0.6,-0.6,0.6
201,Isaiah Hartenstein,C,21,HOU,23,266,18.7,0.674,0.075,0.418,11.4,24.2,17.7,9.8,1.6,3.9,16.8,14.8,0.7,0.4,1.1,0.191,-0.9,1.3,0.4,0.2
202,Udonis Haslem,PF,39,MIA,3,21,3,0.322,0.333,0.667,0,41,21.4,6.2,0,0,0,16.3,0,0,0,-0.032,-9.7,-3,-12.7,-0.1
203,Jaxson Hayes,C,19,NOP,56,951,17.8,0.675,0.017,0.736,9,15.7,12.3,7.5,1.1,4.6,11.6,15.1,2.5,1,3.5,0.176,-0.8,0.8,0.1,0.5
204,Gordon Hayward,SF,29,BOS,45,1501,18.2,0.593,0.311,0.183,3.2,17.6,10.5,19,1.1,1.2,10.8,20.9,3.1,1.9,5,0.16,2.6,0.3,2.9,1.8
205,John Henson,PF,29,TOT,40,600,17,0.578,0.211,0.269,8.5,21.8,15.1,13.4,2,6,15.8,16.3,0.6,0.8,1.4,0.109,-1.1,2.1,1,0.5
205,John Henson,PF,29,CLE,29,412,16.9,0.539,0.258,0.275,8.5,22.3,15.4,15.2,1.9,6.7,13.5,16.1,0.4,0.5,0.9,0.109,-1.1,2.3,1.1,0.3
205,John Henson,PF,29,DET,11,188,17.1,0.67,0.098,0.255,8.3,20.8,14.5,9.3,2.1,4.5,20.9,16.7,0.2,0.2,0.4,0.11,-1.1,1.7,0.6,0.1
206,Dewan Hernandez,C,23,TOR,4,11,4.2,0.34,0.2,0.4,19.6,47,33.6,0,4.3,0,14.5,26.8,0,0,0,0.003,-18.3,-3,-21.3,-0.1
207,Juan Hernangómez,PF,24,TOT,48,833,10.4,0.518,0.522,0.287,5.5,20.4,12.8,6.6,1.1,1,10.3,15.7,0.2,0.7,1,0.055,-2.2,-1.1,-3.3,-0.3
207,Juan Hernangómez,PF,24,DEN,34,422,6.9,0.442,0.545,0.227,6.3,18.7,12.5,6.7,0.6,1.1,12.9,14.3,-0.2,0.4,0.1,0.014,-4,-1.1,-5.2,-0.3
207,Juan Hernangómez,PF,24,MIN,14,411,14.1,0.576,0.504,0.336,4.7,22.1,13.1,6.4,1.6,0.8,8.2,17.1,0.5,0.4,0.8,0.098,-0.4,-1,-1.4,0.1
208,Willy Hernangómez,C,25,CHO,31,375,19.2,0.576,0.158,0.424,12.1,27.5,19.5,13.5,1.3,1.7,15.4,22.9,0.4,0.4,0.8,0.107,0.6,-0.5,0.1,0.2
209,Tyler Herro,SG,20,MIA,47,1280,11.4,0.534,0.476,0.148,1.3,14.6,8.2,11.1,1.1,0.5,11.3,22,-0.3,1.1,0.9,0.033,-1,-1.3,-2.3,-0.1
210,Kevin Hervey,PF,23,OKC,7,19,-14.9,0.091,0.727,0,0,11.3,5.8,6.7,0,0,0,25.5,-0.2,0,-0.2,-0.471,-13.4,-6.5,-19.9,-0.1
211,Mario Hezonja,PF,24,POR,47,767,9.5,0.532,0.339,0.27,3.6,18.1,10.9,7.2,1.7,1,14.9,13.7,0.1,0.6,0.7,0.046,-3.1,0.2,-2.9,-0.2
212,Buddy Hield,SG,27,SAC,64,2045,16.3,0.566,0.582,0.123,3.1,14.1,8.4,15.8,1.4,0.8,11.8,27.1,1.6,1.5,3.1,0.074,2.6,-1.3,1.4,1.7
213,George Hill,PG,33,MIL,52,1103,17.5,0.668,0.452,0.247,4.3,9.2,6.9,18.4,1.7,0.3,11.6,15.8,3.2,1.9,5.1,0.22,1.8,1.4,3.2,1.5
214,Solomon Hill,SF,28,TOT,54,992,9.8,0.542,0.629,0.169,2.9,13.2,8.2,12.6,1.7,1.1,15,13.2,0.4,0.9,1.3,0.064,-1.9,0.2,-1.6,0.1
214,Solomon Hill,SF,28,MEM,48,901,10.2,0.549,0.631,0.163,2.8,13.7,8.4,13.3,1.6,0.7,13.8,13.4,0.5,0.8,1.3,0.071,-1.6,0.2,-1.4,0.1
214,Solomon Hill,SF,28,MIA,6,91,5.9,0.447,0.6,0.267,3.9,8.3,6.2,5.7,2.7,5.5,29.5,11.5,-0.1,0.1,0,-0.006,-4.5,0.8,-3.7,0
215,Jaylen Hoard,SF,20,POR,13,103,14.9,0.504,0.094,0.406,14.3,17.8,16.1,5.4,2.3,0,9.6,17.2,0.1,0.1,0.2,0.096,-0.9,-1.1,-1.9,0
216,Aaron Holiday,PG,23,IND,58,1368,11.7,0.517,0.409,0.145,1.7,8.9,5.3,19.5,1.6,0.8,12.4,19.4,0.4,1.4,1.7,0.06,-1.4,-0.3,-1.7,0.1
217,Jrue Holiday,SG,29,NOP,55,1922,17.5,0.535,0.346,0.183,3.8,10.9,7.3,29.8,2.2,1.9,13.6,24.7,2.1,1.8,4,0.099,1.9,0.3,2.3,2.1
218,Justin Holiday,SG,30,IND,65,1617,12.7,0.598,0.667,0.137,2.1,11.9,7,7.1,2.3,2.3,8,13.5,1.7,2.2,4,0.117,0,1.7,1.6,1.5
219,Rondae Hollis-Jefferson,SF,25,TOR,52,998,15.5,0.533,0.058,0.437,11,15.8,13.4,12.9,2.1,2.1,12.2,17.2,1.4,1.8,3.2,0.153,-1.1,1.5,0.5,0.6
220,Richaun Holmes,C,26,SAC,39,1125,20.5,0.685,0,0.312,11.5,21.3,16.3,5.4,1.7,4.7,11.8,16,3.2,1.5,4.6,0.198,0.6,0.9,1.5,1
221,Rodney Hood,SF,27,POR,21,619,12.2,0.625,0.413,0.157,1.7,10.2,6,7.1,1.3,0.5,9.4,13.9,0.9,0.2,1.1,0.087,-0.4,-0.5,-0.9,0.2
222,Al Horford,C,33,PHI,60,1848,15.6,0.526,0.404,0.112,5.5,19.1,12.3,19.2,1.4,2.5,8.7,17.6,2.5,2.5,5,0.13,1.1,1.1,2.2,2
223,Talen Horton-Tucker,SG,19,LAL,2,5,14.8,0,1,0,0,0,0,44.9,9.5,0,0,8.4,0,0,0,0.11,0.6,7.2,7.8,0
224,Danuel House,SF,26,HOU,58,1739,11.4,0.571,0.645,0.176,3.4,11.5,7.4,6.1,1.7,1.6,8.6,13.5,1.9,1.6,3.5,0.096,-0.6,0.1,-0.5,0.7
225,Dwight Howard,C,34,LAL,62,1193,18.7,0.696,0.019,0.7,14.6,26.8,20.9,4.8,1.1,5.6,17.8,14.5,2.6,2.4,5,0.202,-0.8,1.4,0.5,0.8
226,William Howard,SG,26,HOU,2,13,-12.7,0,1,0,0,16.2,8.1,9,0,0,20,15.9,-0.1,0,-0.1,-0.354,-14.9,-5.7,-20.7,-0.1
227,Kevin Huerter,SG,21,ATL,56,1760,11.5,0.536,0.548,0.105,2.1,12,7,17.5,1.4,1.3,12,17.1,1,0.6,1.6,0.042,-0.6,-0.9,-1.6,0.2
228,De'Andre Hunter,SF,22,ATL,63,2018,8.6,0.521,0.445,0.211,2.3,13.1,7.6,8,1,0.7,12.1,17.5,-0.4,0.5,0.1,0.001,-2.8,-1.8,-4.7,-1.4
229,Chandler Hutchison,SF,23,CHI,28,527,12.4,0.521,0.217,0.446,3.6,19.8,11.3,7.4,2.5,1.3,11.4,19.1,0,0.7,0.7,0.06,-2.7,0.1,-2.6,-0.1
230,Serge Ibaka,C,30,TOR,50,1377,18,0.593,0.266,0.191,8.2,23.3,15.9,8.8,0.8,2.9,12.9,24.1,1.5,2.4,3.9,0.136,0.5,-0.1,0.4,0.9
231,Andre Iguodala,SG,36,MIA,14,259,11,0.559,0.471,0.157,4.5,17.9,11.5,15.1,1.5,6.1,23.8,12.2,0,0.4,0.4,0.078,-2.5,1.9,-0.7,0.1
232,Ersan İlyasova,PF,32,MIL,56,895,15.2,0.591,0.428,0.259,7.1,22.5,15.2,7,1.2,1.4,9.3,16.4,1.5,1.9,3.4,0.18,-0.2,0.8,0.6,0.6
233,Joe Ingles,SF,32,UTA,64,1916,12.5,0.588,0.628,0.17,1.4,12.7,7.3,24,1.5,0.4,18.9,15,2.4,2,4.3,0.108,0,0.7,0.7,1.3
234,Brandon Ingram,PF,22,NOP,56,1919,19.2,0.59,0.352,0.328,2.7,16.6,9.6,19.8,1.3,1.6,13.1,28.2,3.2,1.7,4.9,0.122,2.7,-0.3,2.4,2.1
235,Kyrie Irving,PG,27,BRK,20,658,26.3,0.595,0.341,0.245,3.5,12.4,8.1,37.4,1.9,1.3,10.1,32.6,2.1,0.8,3,0.216,6.6,1,7.6,1.6
236,Jonathan Isaac,SF,22,ORL,32,949,16.9,0.542,0.283,0.227,6.2,19.3,12.6,7,2.6,7.4,11.7,18.3,0.4,1.9,2.3,0.114,-0.8,2.9,2,1
237,Wesley Iwundu,SF,25,ORL,45,810,9.9,0.521,0.345,0.392,2.9,12.4,7.5,7.9,1.5,1.2,7.3,13.1,0.6,0.8,1.4,0.08,-3.1,0.2,-2.9,-0.2
238,Frank Jackson,PG,21,NOP,51,656,7.7,0.5,0.467,0.249,3,8.4,5.7,8.6,1.1,0.5,13.1,20.4,-0.4,0.3,-0.1,-0.005,-4,-2,-6,-0.7
239,Jaren Jackson Jr.,C,20,MEM,54,1512,16.1,0.59,0.485,0.237,3.8,13.7,8.8,7.5,1.1,5,10.8,23.9,1.5,1.7,3.1,0.1,0.2,0,0.2,0.8
240,Josh Jackson,SG,22,MEM,18,357,14,0.539,0.465,0.284,3.3,13.5,8.5,12.4,2.4,2.2,12.5,23.2,0,0.4,0.5,0.062,-1.1,1.2,0,0.2
241,Justin Jackson,PF,24,DAL,58,929,10,0.498,0.486,0.141,3.1,12.7,8,7.2,0.6,0.9,3.5,15.8,0.7,0.6,1.3,0.066,-1.7,-1.2,-2.9,-0.2
242,Reggie Jackson,PG,29,TOT,23,556,15,0.533,0.44,0.167,3,10.2,6.6,28.7,0.9,0.8,12.7,24.5,0.6,0.3,0.9,0.077,1.8,-1.3,0.5,0.4
242,Reggie Jackson,PG,29,DET,14,381,14.8,0.492,0.414,0.167,3.2,9.1,6.1,30.8,1,0.2,9.8,27,0.3,0.1,0.4,0.047,1.7,-2.2,-0.5,0.1
242,Reggie Jackson,PG,29,LAC,9,175,15.6,0.67,0.525,0.169,2.4,12.7,7.7,24.2,0.5,2,21.1,19.1,0.3,0.2,0.5,0.142,2.1,0.6,2.8,0.2
243,Justin James,SG,23,SAC,34,218,11.5,0.487,0.333,0.269,3,12.7,7.8,10.8,1.3,3.9,8.4,19,0,0.2,0.2,0.037,-1,0.2,-0.7,0.1
244,LeBron James,PG,35,LAL,60,2094,26,0.582,0.324,0.292,3.1,21,12.3,49.7,1.7,1.3,15.3,31.6,6.1,3.4,9.5,0.218,6.8,1.9,8.7,5.7
245,Amile Jefferson,PF,26,ORL,18,74,8.9,0.372,0,1,14,19.5,16.7,7.2,0.7,3.7,13,13.5,0,0.1,0,0.023,-4.9,-1,-5.9,-0.1
246,DaQuan Jeffries,SG,22,SAC,6,19,10.7,0.5,0.571,0,5.8,0,3,7.8,2.6,0,0,16.1,0,0,0,0.081,-2.3,-0.3,-2.6,0
247,Ty Jerome,PG,22,PHO,28,315,8.1,0.437,0.443,0.132,2.1,12.6,7.2,18.8,2.1,0.8,13.8,17.6,-0.3,0.3,0,-0.002,-3.9,0,-3.8,-0.1
248,Alize Johnson,SF,23,IND,13,54,10.8,0.51,0,0.4,14.4,22.3,18.4,5,0,0,14.5,16.8,0,0.1,0.1,0.07,-3.2,-1.6,-4.8,0
249,B.J. Johnson,SF,24,ORL,8,46,2.5,0.344,0.333,0.111,2.3,12.1,7,6.1,2.1,0,13.7,20.6,-0.2,0,-0.1,-0.132,-7.2,-2.5,-9.7,-0.1
250,Cameron Johnson,PF,23,PHO,49,996,12.2,0.576,0.705,0.142,4.3,11.5,7.8,7.4,1.4,1.4,7.7,16,1.1,0.7,1.8,0.086,0.5,-0.7,-0.2,0.5
251,James Johnson,PF,32,TOT,32,619,14.8,0.572,0.423,0.223,4.3,16.3,10.3,18.4,1.9,4.6,16.9,19.4,0.4,0.8,1.2,0.089,-1.1,1.1,0,0.3
251,James Johnson,PF,32,MIA,18,281,11.1,0.547,0.517,0.161,3.3,16.9,10.4,11.1,1,4.6,13.9,17,0,0.4,0.4,0.066,-2.6,0.7,-1.9,0
251,James Johnson,PF,32,MIN,14,338,17.9,0.588,0.359,0.266,5.1,15.9,10.3,24.4,2.6,4.7,18.8,21.4,0.3,0.4,0.8,0.109,0.2,1.5,1.7,0.3
252,Keldon Johnson,SF,20,SAS,9,92,16.6,0.579,0.161,0.323,5.8,14.1,10,9.4,2.6,1,7.8,18.1,0.2,0.1,0.2,0.119,-0.3,-0.6,-0.9,0
253,Stanley Johnson,PF,23,TOR,20,96,3.1,0.342,0.419,0.194,3.4,20.5,12.1,11,2,2,19.2,18.6,-0.3,0.2,-0.1,-0.068,-7.9,1.4,-6.5,-0.1
254,Tyler Johnson,SG,27,PHO,31,515,8.1,0.481,0.485,0.187,2.1,9.3,5.6,13.5,1.1,1.4,11.5,17.3,-0.2,0.3,0.1,0.011,-3,-0.7,-3.7,-0.2
255,Nikola Jokić,C,24,DEN,65,2101,25,0.604,0.233,0.277,8.2,26.9,17.6,34.3,1.8,1.9,15.7,26.6,6,3.2,9.2,0.209,5.4,2.3,7.6,5.1
256,Damian Jones,C,24,ATL,55,887,15.5,0.712,0.051,0.472,8.9,16.2,12.5,5.6,1.4,3.8,11.5,11.4,2.2,0.6,2.8,0.152,-1.6,0.1,-1.4,0.1
257,Derrick Jones Jr.,SF,22,MIA,51,1249,14.8,0.609,0.39,0.35,5.4,13.5,9.6,6.7,2.1,2.9,6.8,14.1,2.3,1.6,3.9,0.15,-0.4,1.1,0.8,0.9
258,Tyus Jones,PG,23,MEM,65,1232,15.7,0.532,0.289,0.135,0.8,7.9,4.4,31.7,2.2,0.4,10.8,17.2,2,1,3,0.115,0.4,0.1,0.6,0.8
259,DeAndre Jordan,C,31,BRK,56,1234,20,0.682,0,0.425,12.1,34.2,23.4,12.8,0.7,3.5,17.8,14.1,3,2.3,5.3,0.204,1.1,1.8,2.8,1.5
260,Cory Joseph,PG,28,SAC,64,1538,10.3,0.513,0.363,0.157,2.6,9.5,6,19.4,1.5,1.3,14,13,1.1,1,2.2,0.067,-2.1,0.3,-1.8,0.1
261,Mfiondu Kabengele,C,22,LAC,12,64,18.2,0.614,0.625,0.156,1.7,15.7,8.9,4.9,1.5,2.7,5.5,23.5,0.1,0.1,0.2,0.175,2.2,-0.1,2.1,0.1
262,Frank Kaminsky,C,26,PHO,32,718,14.5,0.554,0.401,0.315,4.6,20.2,12.2,14.8,0.9,1.2,9.4,20.8,0.8,0.6,1.4,0.092,0.2,-0.3,-0.1,0.3
263,Enes Kanter,C,27,BOS,51,891,22,0.594,0.023,0.286,17.1,30.2,23.7,8.4,1.1,3.9,12.9,19.3,2.1,1.7,3.8,0.207,1.6,-0.1,1.5,0.8
264,Luke Kennard,SG,23,DET,28,922,14.4,0.589,0.535,0.219,1.1,11.1,6,19.2,0.6,0.5,10.3,19.8,1.6,0.3,1.9,0.1,1.1,-1.4,-0.3,0.4
265,Stanton Kidd,SF,27,UTA,4,15,-13.7,0,0.333,0,0,21,11,8,0,0,40,14.6,-0.1,0,-0.1,-0.327,-15.6,-1.3,-16.9,-0.1
266,Michael Kidd-Gilchrist,PF-SF,26,TOT,21,231,4.2,0.401,0.333,0.183,5.5,20.3,12.8,8.1,0.4,1.9,16.7,14.8,-0.3,0.2,-0.2,-0.037,-6.6,-0.9,-7.5,-0.3
266,Michael Kidd-Gilchrist,PF,26,CHO,12,160,6.1,0.421,0.321,0.17,5.9,18.4,11.9,9.5,0,1.7,10.9,17.6,-0.2,0.1,-0.1,-0.029,-5.3,-1.6,-6.9,-0.2
266,Michael Kidd-Gilchrist,SF,26,DAL,9,71,-0.1,0.254,0.429,0.286,4.5,24.6,14.7,5,1.4,2.4,43.2,8.4,-0.2,0.1,-0.1,-0.055,-9.7,0.8,-8.9,-0.1
267,Louis King,SF,20,DET,10,62,6.3,0.448,0.524,0.143,1.8,16.7,9.2,11.8,1.6,0,8.2,17.1,-0.1,0,0,-0.007,-5.1,-1.1,-6.2,-0.1
268,Maxi Kleber,C,28,DAL,66,1695,13.8,0.603,0.614,0.172,6.2,15.5,11,6.2,0.6,3.9,8.7,13.9,2.9,1.7,4.6,0.131,0.5,0.2,0.6,1.1
269,Brandon Knight,PG,28,TOT,25,462,8.5,0.503,0.784,0.204,1,9.1,5,21.6,1.1,0.6,17.3,20.6,-0.2,0.1,-0.1,-0.01,-1.8,-2.7,-4.4,-0.3
269,Brandon Knight,PG,28,CLE,16,241,5.5,0.431,0.744,0.151,1.4,7.9,4.6,18,1,0.7,14.9,19.1,-0.3,0,-0.3,-0.062,-3.9,-2.8,-6.6,-0.3
269,Brandon Knight,PG,28,DET,9,221,11.9,0.576,0.827,0.259,0.5,10.4,5.4,25.6,1.1,0.4,19.6,22.2,0.1,0.1,0.2,0.046,0.5,-2.5,-2,0
270,Kevin Knox,SF,20,NYK,65,1166,8.4,0.47,0.496,0.252,2.5,14.7,8.4,7.4,1,2.3,9.2,17.8,-0.5,0.7,0.2,0.006,-3.1,-1.1,-4.2,-0.6
271,John Konchar,SG,23,MEM,15,167,19,0.711,0.257,0.057,11.5,17.3,14.4,16.7,2,1.6,14.3,10.4,0.5,0.2,0.7,0.195,2.7,2.2,5,0.3
272,Furkan Korkmaz,SG,22,PHI,64,1398,11.7,0.571,0.617,0.14,1.3,10.4,5.8,7.3,1.3,0.9,8.7,18.5,1,1.3,2.3,0.079,-0.6,-0.9,-1.5,0.2
273,Luke Kornet,C,24,CHI,36,559,12.7,0.539,0.578,0.15,4.1,12.9,8.3,8.5,0.9,4.4,6.6,16.3,0.5,0.5,1.1,0.091,-0.9,-0.2,-1.1,0.1
274,Kyle Korver,SF,38,MIL,50,833,11.2,0.613,0.799,0.131,1.8,10.1,6.2,9.5,1.2,1.3,13.3,15.7,0.8,1.4,2.2,0.125,-0.5,0.7,0.2,0.5
275,Rodions Kurucs,PF,21,BRK,39,501,8.4,0.554,0.485,0.209,3.8,15.8,10,9.4,1.6,0.5,19.3,15.1,-0.1,0.6,0.5,0.048,-3.9,0.9,-2.9,-0.1
276,Kyle Kuzma,PF,24,LAL,54,1327,11.6,0.522,0.401,0.221,4,15.5,9.9,7.4,0.8,1.4,11.6,23.2,-0.2,1.6,1.4,0.052,-2.2,-1.3,-3.5,-0.5
277,Skal Labissière,C,23,POR,33,567,15.4,0.588,0.088,0.224,12.1,18.7,15.4,10.2,0.6,4.6,15.7,14.3,1,0.4,1.4,0.122,-1.5,0.3,-1.3,0.1
278,Jeremy Lamb,SG,27,IND,46,1291,14.1,0.547,0.33,0.23,2.1,14.9,8.5,10.5,2.1,1.5,8.7,19.7,0.9,1.8,2.7,0.099,-1.1,0.7,-0.4,0.5
279,Romeo Langford,SG,20,BOS,27,298,6,0.465,0.359,0.359,5.1,6.4,5.8,2.6,1.3,1.9,10.8,11.9,-0.1,0.3,0.2,0.039,-4.5,-0.1,-4.6,-0.2
280,Zach LaVine,SG,24,CHI,60,2085,19.5,0.568,0.404,0.279,2.1,13.8,7.7,21.7,2,1.3,13.3,31.7,1.8,2.2,4,0.092,3.3,-0.8,2.5,2.4
281,Vic Law,SF,24,ORL,5,9,-16.6,0,0.333,0.667,0,12.4,6,0,0,0,0,18.6,-0.1,0,-0.1,-0.456,-17,-8.2,-25.2,-0.1
282,Jake Layman,PF,25,MIN,23,505,10.3,0.544,0.402,0.179,3.4,8.7,6,4.4,1.6,1.6,11.1,17.7,0,0.3,0.3,0.029,-2.7,-1,-3.7,-0.2
283,T.J. Leaf,PF,22,IND,25,193,13.8,0.485,0.203,0.174,12.1,24.4,18.3,4.3,2,1.4,8.6,18.5,0,0.3,0.4,0.088,-1.4,-0.1,-1.5,0
284,Jalen Lecque,PG,19,PHO,4,26,5,0.46,0.4,0.2,0,0,0,11.1,0,0,8.4,19.4,0,0,0,-0.042,-5.7,-3.6,-9.3,0
285,Courtney Lee,SG,34,DAL,24,345,10.9,0.629,0.573,0.085,2.2,7.4,4.9,4.7,2.5,1.5,11.4,11.9,0.3,0.4,0.7,0.098,-2.1,1.6,-0.5,0.1
286,Damion Lee,SG,27,GSW,49,1423,12.7,0.548,0.468,0.247,2.4,16.3,9.1,14.4,1.7,0.4,10.6,19,0.9,0.8,1.7,0.058,-1.5,-0.8,-2.3,-0.1
287,Alex Len,C,26,TOT,49,895,18,0.596,0.185,0.301,11.4,24.5,17.9,8.1,1.2,4.5,12.8,18.3,1.4,0.9,2.3,0.122,-0.2,-0.2,-0.5,0.3
287,Alex Len,C,26,ATL,40,745,17.5,0.59,0.215,0.312,9.8,23.6,16.6,8.7,1.3,3.7,11.7,18.6,1.1,0.6,1.8,0.113,-0.2,-0.3,-0.4,0.3
287,Alex Len,C,26,SAC,9,150,20.3,0.636,0,0.238,19,29.3,24.1,5.1,0.7,8.3,19.2,16.7,0.3,0.2,0.5,0.165,-0.7,0.1,-0.6,0.1
288,Kawhi Leonard,SF,28,LAC,51,1643,26.7,0.585,0.287,0.344,3.3,19.7,11.7,27,2.6,1.7,10.7,33.2,4.6,3,7.6,0.222,6.5,2.5,9,4.6
289,Meyers Leonard,C,27,MIA,49,987,11.1,0.64,0.534,0.117,3.2,24.1,14.1,7.7,0.6,1.5,13,12,1,1.1,2.1,0.104,-1,0.4,-0.6,0.3
290,Caris LeVert,SG,25,BRK,39,1131,15.1,0.509,0.31,0.264,3.7,10.6,7.2,23.5,1.8,0.5,12.6,28.8,-0.1,1.2,1.2,0.05,0.1,-0.7,-0.6,0.4
291,Damian Lillard,PG,29,POR,58,2140,26.2,0.619,0.493,0.377,1.5,10.5,6.1,34.1,1.3,0.8,11,30.2,8.9,0.7,9.6,0.215,7.9,-0.7,7.2,5
292,Nassir Little,PF,19,POR,48,573,9.7,0.505,0.391,0.291,5.7,13.7,9.8,5.1,1.1,2.1,8.1,13.7,0.3,0.3,0.6,0.05,-2.9,-0.6,-3.5,-0.2
293,Kevon Looney,C,23,GSW,20,262,9.4,0.403,0.177,0.152,11.2,16.3,13.6,11.1,2.2,2.1,12.5,15.7,-0.2,0.2,0,0.005,-4.8,-0.8,-5.5,-0.2
294,Brook Lopez,C,31,MIL,61,1622,14,0.537,0.497,0.212,2.7,13.2,8.3,7.8,1.2,8,9.2,17.5,0.8,3.9,4.6,0.137,-1.1,2.8,1.8,1.5
295,Robin Lopez,C,31,MIL,60,862,11.1,0.565,0.352,0.158,6.3,10.2,8.4,6.4,0.5,4.1,15.6,16.6,0.2,1.5,1.7,0.095,-2.4,0.5,-1.9,0
296,Kevin Love,PF,31,CLE,56,1780,17.9,0.599,0.536,0.301,3.3,31.1,17.1,15.4,0.9,0.9,14.5,23.1,2.5,1.2,3.8,0.102,2.6,-0.6,2.1,1.8
297,Kyle Lowry,PG,33,TOR,52,1901,17.9,0.589,0.583,0.399,1.7,12,7,31,1.8,1.1,15,23.1,4.1,2.8,6.9,0.173,2.5,0.7,3.2,2.5
298,Timothé Luwawu-Cabarrot,SG,24,BRK,39,671,8.9,0.563,0.568,0.323,3.8,10,7,5.3,1.1,0.7,12.7,15.7,0.4,0.6,1,0.069,-3,-0.2,-3.2,-0.2
299,Trey Lyles,PF,24,SAS,63,1271,12.7,0.557,0.49,0.131,6,24.6,15.3,7.3,1.1,1.9,9.7,13.7,1.2,1,2.2,0.081,-0.5,-0.7,-1.2,0.2
300,Daryl Macon,SG,24,MIA,4,14,-3.1,0.5,0.667,0,0,0,0,9.6,0,0,40,15.8,0,0,0,-0.161,-7,-4.4,-11.4,0
301,J.P. Macura,SG,24,CLE,1,1,0,NA,NA,NA,0,0,0,0,0,0,NA,0,0,0,0,-0.023,-5.1,-1.2,-6.3,0
302,Josh Magette,PG,30,ORL,8,38,5.1,0.378,0.267,0.133,2.7,14.6,8.5,19.2,3.9,2.4,23.9,23.8,-0.2,0.1,-0.1,-0.126,-8,1.6,-6.4,0
303,Ian Mahinmi,C,33,WAS,38,808,14.1,0.545,0.124,0.538,10.2,19.8,14.8,8.2,1.8,4.7,14.8,15.7,0.7,0.7,1.4,0.082,-2.7,0,-2.7,-0.2
304,Thon Maker,C,22,DET,60,776,13.7,0.582,0.332,0.57,7.8,16.7,12.2,8,1.6,4.2,15.7,16.1,0.7,0.8,1.5,0.096,-2,0.7,-1.4,0.1
305,Terance Mann,SG,23,LAC,35,271,7.1,0.472,0.222,0.222,1.6,10.8,6.3,17.9,1.4,1.6,19.1,11.2,0,0.3,0.3,0.057,-4.7,1.2,-3.5,-0.1
306,Boban Marjanović,C,31,DAL,37,337,24.5,0.599,0.087,0.272,16.8,30.5,23.7,6.7,1,1.8,11.8,27.9,0.8,0.5,1.3,0.184,1.7,-1.7,0,0.2
307,Lauri Markkanen,PF,22,CHI,50,1492,14.3,0.56,0.536,0.259,4.2,19.7,11.6,7.6,1.4,1.5,11,21.1,1.1,1.6,2.6,0.084,0.2,-0.8,-0.5,0.5
308,Caleb Martin,SF,24,CHO,18,317,12,0.595,0.44,0.25,3.3,10,6.5,11.1,1.9,2,13.9,15,0.3,0.2,0.5,0.081,-1.6,0.5,-1,0.1
309,Cody Martin,SF,24,CHO,48,903,10.5,0.505,0.372,0.314,4.4,15.1,9.6,15.7,2.2,0.9,15.7,13.6,0.2,0.8,1,0.052,-3.1,1,-2.1,0
310,Jeremiah Martin,PG,23,BRK,3,16,5.9,0.2,0.2,0,0,12.6,6.4,16.5,3,5.2,0,13.1,0,0,0,-0.04,-6.6,3.6,-3,0
311,Kelan Martin,SF,24,MIN,31,495,9.2,0.506,0.53,0.171,2.5,18.6,10.2,6.8,0.7,1.5,9.3,17.8,-0.1,0.3,0.2,0.023,-3.3,-1,-4.3,-0.3
312,Frank Mason III,PG,25,MIL,6,53,4.2,0.337,0.526,0.211,6,8.8,7.5,25.6,1.7,0,22.4,20.8,-0.2,0.1,-0.1,-0.06,-7.5,-0.9,-8.4,-0.1
313,Garrison Mathews,SG,23,WAS,18,227,13.1,0.691,0.821,0.607,2.8,9.1,5.8,5.8,1.6,0.4,10.1,14.5,0.6,0,0.6,0.129,-0.5,-0.6,-1.1,0.1
314,Wesley Matthews,SG,33,MIL,62,1529,8.4,0.545,0.691,0.157,1.4,8.5,5.2,7.4,1.1,0.5,8.7,12.7,0.8,2.4,3.1,0.099,-2.5,0.8,-1.7,0.1
315,Patrick McCaw,SF,24,TOR,37,908,7.3,0.5,0.438,0.111,2.3,7.6,5,11.4,2,0.4,14.6,9.4,0.2,1.2,1.4,0.073,-3.6,1.8,-1.8,0
316,CJ McCollum,SG,28,POR,62,2229,17.4,0.543,0.378,0.135,1.9,9.7,5.9,19.3,1,1.5,8.3,26.7,3.1,0.6,3.7,0.079,2.5,-1.7,0.9,1.6
317,T.J. McConnell,PG,27,IND,63,1188,16.2,0.541,0.041,0.099,3,12.1,7.6,37.2,1.8,0.8,18.5,17.2,1.6,1.4,2.9,0.119,0.1,0.2,0.3,0.7
318,Jalen McDaniels,PF,22,CHO,16,293,10.7,0.574,0.343,0.243,5.4,19.4,12.1,6.8,1.4,0.9,12.4,13.3,0.2,0.2,0.5,0.078,-3.3,0,-3.3,-0.1
319,Doug McDermott,PF,28,IND,62,1242,14.3,0.626,0.54,0.106,2.1,11.7,6.9,8.3,0.4,0.3,7.2,19.6,2.1,0.9,3,0.115,1.5,-1.5,0,0.6
320,JaVale McGee,C,32,LAL,61,1023,20,0.655,0.021,0.265,12.1,25.2,18.8,4.7,1.4,7.9,12.9,15,2.2,2.3,4.5,0.211,-0.3,2.3,2.1,1.1
321,Rodney McGruder,SG,28,LAC,50,749,6.5,0.472,0.506,0.179,3.7,13.7,8.8,5.1,1.4,0.9,11.1,10.5,-0.1,1,0.8,0.054,-3.8,0.8,-3,-0.2
322,Alfonzo McKinnie,SF,27,CLE,40,593,8.7,0.493,0.38,0.181,6.9,14.4,10.6,3.3,1.9,1.2,12.3,15.2,-0.2,0.3,0.2,0.014,-4.4,-0.9,-5.3,-0.5
323,Jordan McLaughlin,PG,23,MIN,30,590,16.3,0.587,0.427,0.219,1.2,7.8,4.4,31,2.7,0.6,13.7,15.8,1.2,0.4,1.6,0.13,0.4,-0.1,0.3,0.3
324,Ben McLemore,SG,26,HOU,63,1437,11.7,0.622,0.83,0.132,1.5,8.7,5.1,5.3,1.2,0.7,8.5,15.6,2.1,0.9,3,0.1,0,-0.7,-0.7,0.5
325,Jordan McRae,SG,28,TOT,37,784,14.2,0.515,0.344,0.298,2.4,15.4,8.7,17.7,1.3,1.8,9.4,24.4,0.4,0.3,0.7,0.043,0,-1.6,-1.5,0.1
325,Jordan McRae,SG,28,WAS,29,654,15.2,0.523,0.334,0.262,2.7,15.2,8.7,18.8,1.4,2,9.7,24.9,0.4,0.2,0.7,0.05,0.8,-1.3,-0.5,0.3
325,Jordan McRae,SG,28,DEN,4,32,16.7,0.58,0.667,0.667,3.5,13.9,8.7,15.6,3.1,2.9,0,10.5,0.1,0,0.1,0.208,1,1.4,2.5,0
325,Jordan McRae,SG,28,DET,4,98,6.5,0.446,0.372,0.512,0,17.6,8.7,10.7,0,0,8.7,25.7,-0.1,0,-0.1,-0.053,-5.6,-4.2,-9.8,-0.2
326,Nicolò Melli,C,29,NOP,52,889,12.3,0.583,0.647,0.216,4.4,14.3,9.3,10.2,1.6,1.8,12.1,15.9,1,0.8,1.8,0.095,-0.9,0.3,-0.6,0.3
327,De'Anthony Melton,PG,21,MEM,52,1011,14.6,0.525,0.331,0.3,3.9,15.9,10,20.9,3,1.5,16.3,19.6,0.4,1.4,1.8,0.086,-1.6,1.8,0.3,0.6
328,Chimezie Metu,PF,22,SAS,16,73,25.4,0.597,0.029,0.229,14.7,23.7,19.2,13.9,0.7,4.8,11.5,25.9,0.2,0.1,0.2,0.159,3.8,-0.8,3,0.1
329,Khris Middleton,SF,28,MIL,55,1653,21.4,0.619,0.374,0.231,2.5,17,10.2,21,1.4,0.4,10.8,26.2,4.3,3.1,7.4,0.214,3.4,0.9,4.4,2.7
330,Eric Mika,PF,25,SAC,1,19,14,0.773,0,0.667,11.6,30.5,20.8,0,0,0,0,8.9,0.1,0,0.1,0.222,-2.2,-0.9,-3.1,0
331,C.J. Miles,SG,32,WAS,10,161,11,0.472,0.593,0.339,2.6,5.7,4.1,9.9,2.9,2.2,5.6,18.6,0,0.1,0.1,0.033,-1.8,0,-1.9,0
332,Malcolm Miller,SF,26,TOR,25,125,4.7,0.432,0.792,0.25,0.9,10.8,5.9,8.3,1.5,1.5,10.1,10.1,-0.1,0.2,0.1,0.037,-4.3,1.4,-2.9,0
333,Patty Mills,PG,31,SAS,63,1430,14.7,0.589,0.675,0.188,1.4,6,3.7,11.3,1.7,0.4,7.6,20.5,2.1,0.5,2.6,0.086,1.1,-1.2,-0.1,0.7
334,Paul Millsap,PF,34,DEN,44,1075,17.7,0.598,0.282,0.326,9,17.9,13.5,9.5,1.7,2.4,12.1,20.3,2,1.4,3.4,0.151,0.6,0,0.6,0.7
335,Shake Milton,SG,23,PHI,32,611,15.2,0.633,0.488,0.235,2,10.3,6.1,17.4,1.5,0.8,13.7,19.6,1.1,0.6,1.7,0.134,0.3,-0.6,-0.3,0.3
336,Donovan Mitchell,SG,23,UTA,63,2165,19.1,0.56,0.347,0.235,2.3,11.2,7,21.2,1.5,0.5,10.9,31,3,2.2,5.2,0.115,2.4,-0.5,1.9,2.1
337,Naz Mitrou-Long,SG,26,IND,3,43,10.1,0.438,0.688,0,0,15.3,7.7,22.2,1.1,2,11.1,18.4,0,0,0,0.015,-1.9,2.4,0.5,0
338,Adam Mokoka,SG,21,CHI,11,112,8.2,0.538,0.536,0.143,6.6,3.1,4.9,5,1.7,0,6.3,12.1,0.1,0.1,0.2,0.073,-3.1,-1,-4.1,-0.1
339,Malik Monk,SG,21,CHO,55,1169,12.7,0.53,0.418,0.205,2.4,12.6,7.3,16.6,1.1,1.3,12.6,22.9,0.1,0.6,0.7,0.028,-1,-1.3,-2.3,-0.1
340,Matt Mooney,SG,22,CLE,4,19,8.1,0.25,0.5,0,0,17.7,8.8,6.7,5.1,4.5,0,9,0,0,0,0.006,-5.3,5,-0.3,0
341,E'Twaun Moore,SG,30,NOP,51,958,11.1,0.509,0.39,0.105,3.2,10.4,6.8,10.9,1.4,0.9,8.1,19.9,0.2,0.6,0.8,0.042,-2,-1,-2.9,-0.2
342,Ja Morant,PG,20,MEM,59,1771,18,0.568,0.174,0.331,2.7,9.5,6.2,34.6,1.4,0.7,17.2,26,2.2,1.2,3.4,0.093,1.6,-1.3,0.4,1.1
343,Juwan Morgan,PF,22,UTA,16,74,8.8,0.559,0.294,0,7.8,19.8,14.1,3.8,0,1.1,15,11.9,0,0.1,0.1,0.066,-2.9,-0.4,-3.3,0
344,Marcus Morris,SF-PF,30,TOT,55,1727,14.8,0.567,0.432,0.279,3.3,14.2,8.6,6.9,1.2,1.4,9.5,22.8,2,1.2,3.2,0.088,0.9,-0.8,0.1,0.9
344,Marcus Morris,SF,30,NYK,43,1387,16.5,0.582,0.415,0.311,3.6,14.7,9,6.8,1.2,1.2,9.2,24.4,2.2,0.8,2.9,0.101,1.9,-1.1,0.8,1
344,Marcus Morris,PF,30,LAC,12,340,7.7,0.48,0.526,0.096,2.2,12.2,7.3,7.2,1.1,2.6,11.2,16.4,-0.2,0.4,0.2,0.033,-3.1,0.5,-2.6,-0.1
345,Markieff Morris,PF,30,TOT,52,1106,12.4,0.568,0.494,0.195,3.4,17,10.2,10.4,1.2,1.2,14,21.1,0.4,0.8,1.2,0.053,-1.2,-0.9,-2.1,0
345,Markieff Morris,PF,30,DET,44,988,12.7,0.573,0.486,0.203,2.7,17.3,9.9,11,1.3,0.9,14.2,21.8,0.3,0.7,1,0.049,-1,-1,-2.1,0
345,Markieff Morris,PF,30,LAL,8,118,9.8,0.503,0.583,0.111,9.5,14.4,12,5.5,0.8,3,11.7,15.3,0.1,0.2,0.2,0.086,-2.5,0.1,-2.4,0
346,Monte Morris,PG,24,DEN,65,1402,14.9,0.537,0.298,0.128,1.6,7.3,4.4,23.3,1.9,1.1,8.1,17.2,2.2,1.2,3.4,0.117,0.2,-0.1,0.1,0.8
347,Johnathan Motley,PF,24,LAC,13,41,28.4,0.774,0.067,0.467,7.7,17.2,12.6,32.8,3.4,0,21.7,23.4,0.2,0.1,0.3,0.299,4.8,3.3,8.1,0.1
348,Emmanuel Mudiay,PG,23,UTA,48,752,13.7,0.55,0.263,0.239,2.6,13.7,8.4,21.8,1.2,1.1,16.9,22.4,0.3,0.8,1.1,0.071,-1.2,0.1,-1.1,0.2
349,Mychal Mulder,SG,25,GSW,7,204,7.8,0.533,0.776,0.179,1.5,11,6.1,5.8,0.5,0.4,6.5,16.2,0.1,0,0.1,0.017,-3.3,-2.9,-6.1,-0.2
350,Dejounte Murray,PG,23,SAS,58,1447,17.1,0.535,0.168,0.175,5,20,12.5,23.7,3.3,1,15.7,20.6,0.9,1.7,2.6,0.087,-0.5,1.5,1,1.1
351,Jamal Murray,PG,22,DEN,55,1804,17.5,0.559,0.359,0.209,2.6,10.8,6.7,22.7,1.8,0.8,11.8,25.2,2.5,1.6,4.2,0.111,1.8,-0.7,1.1,1.4
352,Džanan Musa,SF,20,BRK,35,404,8.4,0.467,0.468,0.317,5,12.9,9,11,1.5,0.2,15.5,19.4,-0.4,0.4,0,0.006,-4.1,-0.7,-4.8,-0.3
353,Mike Muscala,C,28,OKC,41,492,12.2,0.56,0.755,0.138,3,17.7,10.6,9.8,0.8,1.9,7.7,16.4,0.5,0.5,1,0.102,-0.1,-0.1,-0.2,0.2
354,Sviatoslav Mykhailiuk,SF,22,DET,56,1265,11.2,0.578,0.704,0.173,1.5,7.9,4.7,12.3,1.6,0.3,12.3,17.1,1,0.6,1.6,0.06,-0.7,-1.2,-1.8,0
355,Abdel Nader,SF,26,OKC,48,756,11.2,0.58,0.477,0.282,2.1,10.8,6.6,6.6,1.3,2.3,12.7,16.5,0.4,0.7,1.1,0.072,-1.1,0.2,-0.8,0.2
356,Larry Nance Jr.,C,27,CLE,56,1472,17.3,0.608,0.369,0.172,7.9,23.1,15.4,12.3,1.9,1.3,11.5,15.2,2.8,1.1,3.9,0.128,1.4,0.3,1.8,1.4
357,Shabazz Napier,PG,28,TOT,51,1234,14.5,0.555,0.538,0.341,2.1,10.8,6.3,29.1,2.5,0.6,18.9,19.6,1.1,0.8,1.9,0.075,-0.3,-0.2,-0.5,0.5
357,Shabazz Napier,PG,28,MIN,36,856,13.9,0.539,0.562,0.311,2,11.9,6.8,31.3,2.2,0.7,19.1,19.1,0.6,0.6,1.3,0.071,-0.5,-0.2,-0.8,0.3
357,Shabazz Napier,PG,28,WAS,15,378,15.7,0.587,0.485,0.408,2.2,8.5,5.2,24.2,3.2,0.5,18.6,20.7,0.4,0.2,0.6,0.082,0.2,-0.2,0.1,0.2
358,Raul Neto,PG,27,PHI,49,565,11.5,0.562,0.406,0.177,2.1,8,5.1,19.3,1.9,0.8,18.2,17.6,0.2,0.6,0.8,0.071,-1.8,-0.1,-1.9,0
359,Malik Newman,SG,22,CLE,1,4,-11.3,0.347,0.5,1,0,0,0,0,0,0,25.8,41.5,0,0,0,-0.503,-14.5,-11.3,-25.9,0
360,Georges Niang,PF,26,UTA,58,772,12.4,0.612,0.698,0.083,1.8,13.2,7.7,6.7,0.8,0.5,8.6,17.1,1,0.7,1.7,0.105,0.9,-0.4,0.5,0.5
361,Nerlens Noel,C,25,OKC,55,1014,21.7,0.714,0.012,0.386,9.3,20,14.8,7.9,2.7,6.9,15.4,15.3,2.7,2.1,4.8,0.225,0.5,3.4,4,1.5
362,Zach Norvell,SG,22,TOT,5,41,2.6,0.402,0.667,0.083,0,16.3,7.9,10.2,2.3,0,19.4,16.1,-0.1,0,-0.1,-0.084,-7.1,-1.2,-8.3,-0.1
362,Zach Norvell,SG,22,LAL,2,5,-5.6,0,0,0,0,21.3,10.9,0,0,0,0,8.4,0,0,0,-0.149,-10.2,-2.4,-12.6,0
362,Zach Norvell,SG,22,GSW,3,36,3.7,0.437,0.727,0.091,0,15.6,7.5,11.7,2.7,0,20.8,17.1,-0.1,0,-0.1,-0.075,-6.7,-1.1,-7.7,-0.1
363,Jaylen Nowell,SG,20,MIN,15,151,10.5,0.471,0.491,0.321,2,7.3,4.5,17.8,0.9,0.6,4.7,17.3,0.1,0,0.2,0.051,-2.9,-0.8,-3.7,-0.1
364,Frank Ntilikina,PG,21,NYK,57,1187,9.8,0.497,0.411,0.177,2,9.1,5.4,20.2,2.2,1.3,16.5,15.4,0.1,0.8,0.9,0.037,-3.6,0.4,-3.2,-0.4
365,Kendrick Nunn,SG,24,MIA,62,1846,13.5,0.545,0.426,0.108,1.2,8.7,5.1,18.7,1.4,0.6,10.2,23.7,1,1.4,2.4,0.064,-0.7,-1.3,-2,0
366,David Nwaba,SF,27,BRK,20,268,14,0.627,0.394,0.38,3.2,13.9,8.6,4.4,1.9,3.7,8.8,14.2,0.4,0.4,0.8,0.142,-1.1,2,1,0.2
367,Royce O'Neale,PF,26,UTA,64,1862,9.3,0.584,0.657,0.153,1.4,17.8,10,11.5,1.2,1.3,12.7,9.3,1.8,2.2,4,0.104,-1.3,2.1,0.8,1.3
368,Kyle O'Quinn,C,29,PHI,26,258,18.1,0.541,0.319,0.264,13.7,28.3,21,19.1,0.9,7.3,18.3,16.5,0.3,0.5,0.8,0.155,-0.7,2.2,1.5,0.2
369,Semi Ojeleye,PF,25,BOS,61,891,7.6,0.557,0.616,0.176,2.9,11.9,7.5,4.5,1,0.5,6.5,8.8,0.8,0.9,1.7,0.091,-2.1,0.5,-1.6,0.1
370,Jahlil Okafor,C,24,NOP,28,424,17.8,0.631,0.014,0.403,11.4,18.2,14.8,12.6,0.8,3.7,17.5,19.8,0.7,0.4,1.1,0.129,-0.8,0.6,-0.2,0.2
371,Elie Okobo,PG,22,PHO,54,707,10.5,0.511,0.392,0.37,2.5,11.6,6.9,21.5,1.6,0.5,15.3,14.9,0.4,0.5,0.9,0.059,-2,-0.1,-2.1,0
372,Josh Okogie,SG,21,MIN,62,1547,11.5,0.553,0.387,0.48,5.7,12.8,9.1,8.9,2,1.4,15.3,15.1,1,1.2,2.2,0.067,-2.4,0,-2.4,-0.1
373,KZ Okpala,SF,20,MIA,5,26,13.7,0.595,0.2,0.4,4.5,16.6,10.8,5.5,3.8,3.8,14.5,11.7,0,0,0.1,0.119,-1.2,4,2.7,0
374,Victor Oladipo,SG,27,IND,13,337,12,0.5,0.429,0.255,2.3,11,6.7,16.9,1.6,0.8,13.5,27,-0.3,0.4,0.1,0.008,-1.7,-1.3,-3,-0.1
375,Kelly Olynyk,C,28,MIA,59,1089,14.7,0.64,0.584,0.259,4,22,13.4,13.2,1.7,1.6,15.1,16.9,1.7,1.5,3.2,0.14,0.1,1,1.1,0.8
376,Miye Oni,SG,22,UTA,5,11,-9.9,0,0.5,0,0,19.1,10,0,0,0,33.3,12,-0.1,0,-0.1,-0.285,-12.7,-4.6,-17.3,0
377,Cedi Osman,SF,24,CLE,65,1910,10.7,0.552,0.527,0.154,2.2,11.3,6.7,11.6,1.4,0.7,12.3,16.6,1.1,0.5,1.6,0.04,-1.6,-0.9,-2.6,-0.3
378,Kelly Oubre Jr.,SF,24,PHO,56,1933,14.9,0.56,0.372,0.298,3.8,17.3,10.4,6.7,1.7,1.8,8.2,22.4,1.7,1.9,3.6,0.09,-0.3,-0.4,-0.6,0.7
379,Tariq Owens,PF,24,PHO,3,15,8.4,0.34,0.4,0.4,14.5,7.6,11.1,0,3.2,0,0,16.7,0,0,0,0.017,-3.1,-2.8,-5.9,0
380,Jeremy Pargo,PG,33,GSW,3,44,12.7,0.557,0.318,0.045,2.4,5.1,3.7,33.2,1.1,0,15.1,25.7,0,0,0,0.011,-2.8,-3.1,-5.9,0
381,Jabari Parker,PF,24,TOT,33,852,17,0.561,0.291,0.185,6.7,18.1,12.3,11.7,2.3,1.5,12.2,24,0.5,0.7,1.2,0.066,0.2,-0.4,-0.1,0.4
381,Jabari Parker,PF,24,ATL,32,837,17.2,0.565,0.293,0.183,6.9,17.9,12.3,11.6,2.3,1.5,12.4,24,0.5,0.7,1.2,0.069,0.4,-0.3,0.1,0.4
381,Jabari Parker,PF,24,SAC,1,15,4,0.291,0.167,0.333,0,30.9,15,17.4,0,0,0,20,0,0,0,-0.079,-6.9,-3.4,-10.3,0
382,Chandler Parsons,SF,31,ATL,5,54,5.6,0.389,0.778,0,2,12.1,7,7.5,3.5,1.6,14.3,16.1,-0.1,0,-0.1,-0.066,-4.7,-1.3,-6,-0.1
383,Eric Paschall,PF,23,GSW,60,1654,14.5,0.571,0.202,0.331,5.2,13.1,9,12.7,0.9,0.7,11.4,21.4,1.6,0.5,2.1,0.062,-0.7,-2,-2.7,-0.3
384,Anžejs Pasečņiks,C,24,WAS,24,405,11.6,0.555,0.019,0.509,10.2,16.9,13.4,5.7,0.9,2.6,14.5,15.6,0.3,0.2,0.5,0.056,-3.8,-1.6,-5.4,-0.3
385,Patrick Patterson,PF,30,LAC,51,607,11.7,0.576,0.755,0.181,5.2,15.1,10.3,6.9,0.5,0.4,8.1,15.1,0.9,0.6,1.5,0.118,0.9,-0.5,0.4,0.4
386,Justin Patton,C,22,OKC,5,24,4.7,0.45,0.4,0,4.8,17.9,11.6,12.5,0,0,16.7,22.1,0,0,0,-0.066,-6.9,-3.3,-10.1,-0.1
387,Chris Paul,PG,34,OKC,63,2003,21.7,0.609,0.347,0.311,1.2,15.5,8.6,33.4,2.4,0.4,13,23.2,5.5,2.5,8.1,0.194,3.1,1.2,4.3,3.2
388,Elfrid Payton,PG,25,NYK,45,1246,16,0.47,0.157,0.195,4.3,14.1,9.1,38.6,2.7,1.3,16.7,19.5,0.5,1.2,1.7,0.065,-0.3,0.3,0,0.6
389,Gary Payton II,PG,27,WAS,29,432,11.3,0.473,0.397,0.069,6.3,14.3,10.2,14.7,3.6,1.4,14.3,13.4,0.1,0.4,0.4,0.049,-3.1,1.5,-1.6,0
390,Norvel Pelle,C,26,PHI,20,178,11.2,0.521,0,0.343,9.9,27.3,18.6,5.3,0.3,12,24.4,12.9,-0.1,0.4,0.3,0.082,-7.1,3.1,-4.1,-0.1
391,Theo Pinson,SG,24,BRK,33,365,5.2,0.37,0.516,0.103,2.9,12.1,7.6,22,2.2,0.9,16.9,22.4,-1,0.5,-0.6,-0.074,-6.9,-0.2,-7.1,-0.5
392,Mason Plumlee,C,29,DEN,53,900,19.1,0.615,0.016,0.556,11,23.9,17.4,20,1.6,3.4,18.9,18.4,1.7,1.3,3,0.162,0.2,2,2.2,1
393,Vincent Poirier,C,26,BOS,21,114,12.8,0.54,0.061,0.212,9.5,22.4,16,8.6,0.8,4.9,14.3,15.8,0.1,0.2,0.3,0.124,-4.5,0.7,-3.8,-0.1
394,Jakob Pöltl,C,24,SAS,58,965,19.6,0.611,0,0.339,11.6,23,17.3,14.6,1.5,7.7,15.2,13.3,2,1.3,3.3,0.165,0.8,2.3,3.1,1.2
395,Shamorie Ponds,PG,21,TOR,4,11,33.2,0.765,0.4,0.4,0,9.4,4.8,32.1,0,8.8,0,22.9,0.1,0,0.1,0.451,8.4,5.3,13.7,0
396,Jordan Poole,SG,20,GSW,57,1274,7.2,0.454,0.528,0.237,0.7,9.6,5,15.8,1.3,0.7,11.8,21.1,-1.6,0.4,-1.2,-0.047,-4.4,-2.2,-6.6,-1.5
397,Kevin Porter Jr.,SF,19,CLE,50,1162,10.8,0.535,0.375,0.24,2.1,13.5,7.7,13.9,1.9,1,16.7,20.5,-0.3,0.6,0.3,0.011,-3.2,-0.6,-3.7,-0.5
398,Michael Porter Jr.,PF,21,DEN,48,670,18.5,0.589,0.358,0.151,8.8,24.3,16.5,8,1.5,2.6,10.3,22,1,0.9,2,0.141,1.4,-0.7,0.8,0.5
399,Otto Porter,SF,26,CHI,14,331,15.8,0.55,0.443,0.193,4.1,12.3,8,11.9,2.2,1.7,6.8,21,0.4,0.4,0.8,0.112,0.9,0.2,1,0.3
400,Bobby Portis,C,24,NYK,66,1393,14.6,0.53,0.317,0.158,6,20.4,12.9,11.1,1.1,1.2,10.4,21.4,0.9,1,1.9,0.064,0.1,-1.1,-1,0.3
401,Kristaps Porziņģis,PF,24,DAL,51,1597,19.3,0.54,0.447,0.282,5.9,25.3,15.8,8.6,1.1,5.6,8.5,26.6,1.7,2.6,4.3,0.129,1.2,0.3,1.5,1.4
402,Dwight Powell,C,28,DAL,40,1061,16,0.677,0.17,0.485,7.5,14.7,11.2,7.7,1.6,1.8,11.5,12.7,2.6,1.1,3.7,0.169,0.4,1,1.4,0.9
403,Norman Powell,SG,26,TOR,44,1269,17.4,0.629,0.457,0.252,2,11.2,6.7,9.7,2.1,1.3,10,21.5,2.2,1.9,4.2,0.157,1.4,0.9,2.3,1.4
404,Chasson Randle,PG,26,GSW,3,40,6.7,0.377,0.5,1.5,0,5.6,2.7,15.7,2.4,0,0,7.1,0,0,0,0.044,-5.9,0.1,-5.8,0
405,Julius Randle,PF,25,NYK,64,2080,17.5,0.538,0.23,0.35,7.5,24.9,16,15.8,1.2,1,14.3,27.6,1,1.7,2.7,0.062,0.7,-1,-0.3,0.9
406,Josh Reaves,SG,22,DAL,2,1,-40,0,0,0,0,0,0,0,0,0,0,42.8,0,0,0,-1.036,-24.4,-15.1,-39.5,0
407,Cam Reddish,SF,20,ATL,58,1551,9,0.5,0.451,0.227,2.4,12.7,7.5,8,1.9,1.5,13.6,18.9,-1.2,0.8,-0.4,-0.011,-3.2,-1,-4.2,-0.9
408,J.J. Redick,SG,35,NOP,54,1425,15.1,0.639,0.618,0.292,0.7,9.7,5.2,10.8,0.6,0.5,9.4,19.9,3.2,0.6,3.7,0.125,2,-1.6,0.4,0.9
409,Naz Reid,C,20,MIN,30,495,15.3,0.505,0.399,0.218,7,19.9,13.2,11.2,1.8,3.7,7.6,24,0.2,0.6,0.8,0.074,-1.6,-0.3,-1.9,0
410,Josh Richardson,SG,26,PHI,48,1474,12.1,0.526,0.373,0.223,2.8,9.4,6.1,14.8,1.5,2,12.6,21.1,0.3,1.6,1.9,0.062,-1.5,-0.2,-1.7,0.1
411,Austin Rivers,SG,27,HOU,60,1402,10.3,0.538,0.537,0.208,1.9,8.8,5.3,9.5,1.4,0.6,6.9,14.9,1.3,1,2.2,0.077,-1.9,-0.4,-2.3,-0.1
412,Duncan Robinson,SF,25,MIA,65,1949,12.8,0.678,0.886,0.086,0.5,11.2,6.1,7,0.9,0.8,8.6,15.8,3.2,1.5,4.7,0.116,1.2,-0.9,0.3,1.1
413,Glenn Robinson III,SF,26,TOT,60,1743,13.4,0.576,0.33,0.144,4.7,11.7,8.1,8.6,1.5,0.8,7.9,16.4,2,0.8,2.8,0.077,-0.5,-1.1,-1.6,0.2
413,Glenn Robinson III,SF,26,GSW,48,1516,13.1,0.574,0.335,0.146,4.6,11.9,8.1,8.8,1.4,0.8,8.5,16.6,1.5,0.6,2.1,0.067,-0.5,-1.2,-1.7,0.1
413,Glenn Robinson III,SF,26,PHI,12,227,14.9,0.594,0.296,0.127,5.8,10.7,8.3,7.1,1.7,0.8,3.8,14.8,0.5,0.2,0.7,0.147,-0.2,-0.9,-1.1,0.1
414,Jerome Robinson,SG,22,TOT,55,748,6,0.439,0.481,0.134,1.3,13.8,7.5,11.4,1.4,1.6,12.9,14.6,-0.7,0.7,0,0.003,-4.6,0.1,-4.5,-0.5
414,Jerome Robinson,SG,22,LAC,42,476,4.8,0.423,0.493,0.14,1.1,11.6,6.5,12.6,1.3,1.5,15.3,14.9,-0.6,0.6,0,-0.002,-5.4,0.6,-4.8,-0.3
414,Jerome Robinson,SG,22,WAS,13,272,8.1,0.468,0.463,0.125,1.6,17.6,9.3,9.2,1.5,1.9,8.7,14.1,-0.1,0.1,0.1,0.011,-3.3,-0.6,-3.9,-0.1
415,Justin Robinson,PG,22,WAS,9,49,8.2,0.542,0.417,0,2.2,9.3,5.6,18.6,0,1.8,20,12.7,0,0,0,0.006,-2.6,-3.1,-5.7,0
416,Mitchell Robinson,C,21,NYK,61,1412,23.5,0.726,0,0.434,13.7,18.8,16.2,3.9,1.8,8,8.3,13.3,4.8,2,6.8,0.23,1.6,1.3,3,1.8
417,Isaiah Roby,SF,21,OKC,3,11,-7.7,0,0,0,0,19.5,10.1,0,0,0,50,8,-0.1,0,0,-0.191,-12,-3.5,-15.5,0
418,Rajon Rondo,PG,33,LAL,48,984,12.4,0.494,0.381,0.125,2.6,12.9,7.9,32.4,1.9,0.2,20.8,18.7,0.2,1.3,1.5,0.073,-1.1,0,-1.2,0.2
419,Derrick Rose,PG,31,DET,50,1298,21.1,0.555,0.195,0.185,2.3,8.3,5.3,40.5,1.5,1,13.4,31.6,1.9,0.6,2.5,0.093,4,-1.7,2.2,1.4
420,Terrence Ross,SG,28,ORL,63,1723,14.2,0.548,0.584,0.207,0.8,12.3,6.3,6.8,2,1.2,6.8,22.8,1,1.8,2.9,0.08,0,-0.3,-0.4,0.7
421,Terry Rozier,PG,25,CHO,63,2164,14.9,0.553,0.45,0.202,2.4,11.8,7,20.4,1.4,0.4,12.1,23.7,1.9,1.1,3,0.067,0.8,-1.3,-0.4,0.8
422,Ricky Rubio,PG,29,PHO,57,1802,16.3,0.531,0.308,0.334,2.5,14,8.2,39.9,2.3,0.4,18.1,20.2,2.4,1.7,4.1,0.109,0.5,0.2,0.7,1.2
423,D'Angelo Russell,PG,23,TOT,45,1452,18.7,0.556,0.509,0.235,1.2,12.3,6.6,35.2,1.6,0.8,13.6,31.5,1.1,0.7,1.8,0.06,3.8,-1.9,1.9,1.4
423,D'Angelo Russell,PG,23,GSW,33,1060,19.1,0.558,0.506,0.227,1.4,11.4,6.2,36,1.4,0.8,12.6,32.2,0.9,0.4,1.3,0.059,4.5,-1.9,2.6,1.2
423,D'Angelo Russell,PG,23,MIN,12,392,17.6,0.553,0.521,0.261,0.8,14.5,7.4,33.1,2,0.8,16.4,29.5,0.2,0.3,0.5,0.064,1.8,-1.7,0.2,0.2
424,Domantas Sabonis,C,23,IND,62,2159,20.7,0.586,0.079,0.349,9.7,29.5,19.7,21.7,1.1,1.2,14.8,23.4,4.2,3.3,7.6,0.168,2.1,1.1,3.2,2.9
425,Luka Šamanić,PF,20,SAS,1,12,-3.4,0,0.5,0,0,18,9,28.9,0,0,0,14.5,-0.1,0,-0.1,-0.252,-7.4,-4.5,-11.9,0
426,JaKarr Sampson,SF,26,IND,26,340,11.8,0.607,0.16,0.247,4.9,14.2,9.6,3.6,1.3,2.3,7.2,12.5,0.4,0.4,0.8,0.117,-2.7,0.8,-1.8,0
427,Dario Šarić,PF,25,PHO,58,1441,13.3,0.572,0.455,0.202,6.7,20.2,13.3,10.9,1.1,0.9,12.3,17.2,1.5,1.2,2.7,0.091,-0.5,-0.4,-0.9,0.4
428,Tomáš Satoranský,PG,28,CHI,65,1878,13.5,0.533,0.361,0.22,4.3,11,7.5,27.1,2.1,0.4,17.7,16.7,1.8,1.7,3.5,0.09,-1,-0.2,-1.2,0.4
429,Admiral Schofield,SF,22,WAS,27,293,6.8,0.514,0.627,0.173,2.2,10.9,6.4,6.2,1.3,0.9,8,12.5,0.1,0,0.1,0.02,-4.2,-1.1,-5.3,-0.2
430,Dennis Schröder,PG,26,OKC,63,1952,16.8,0.573,0.339,0.243,1.1,11.8,6.6,21.6,1.1,0.6,13.2,27.2,1.9,1.6,3.5,0.086,1.1,-1.2,-0.1,1
431,Mike Scott,PF,31,PHI,63,1119,10.2,0.539,0.639,0.094,5.7,16.5,11.1,5.9,0.8,0.4,6.7,13.8,1,1.1,2.1,0.089,-1.2,-1.1,-2.3,-0.1
432,Thabo Sefolosha,PF,35,HOU,41,436,9.5,0.487,0.593,0.088,5,17.4,11.2,7.5,2.6,2.4,13.7,10.4,0.1,0.6,0.7,0.073,-2.7,1.6,-1.1,0.1
433,Collin Sexton,SG,21,CLE,65,2143,16.3,0.56,0.235,0.246,3.1,7.5,5.3,15.1,1.5,0.3,11.6,27.2,2.2,0.3,2.5,0.057,0.3,-2.1,-1.8,0.1
434,Landry Shamet,SG,22,LAC,47,1294,9.2,0.599,0.764,0.179,0.5,6.5,3.6,9,0.7,0.6,8.7,13.3,1.7,1,2.7,0.1,-1.4,-0.2,-1.6,0.1
435,Marial Shayok,SG,24,PHI,2,10,-2,0.3,0.6,0,0,33.1,16.6,13.4,0,0,16.7,25.9,-0.1,0,0,-0.227,-8.7,-2.6,-11.3,0
436,Iman Shumpert,SG,29,BRK,13,241,5.3,0.403,0.516,0.109,3.9,10.4,7.3,6.8,2.4,0.7,13,13.4,-0.3,0.3,0,-0.001,-6.4,0.8,-5.6,-0.2
437,Pascal Siakam,PF,25,TOR,53,1882,18.7,0.559,0.32,0.275,3.3,18.8,11.2,17,1.3,2.5,10.5,28.5,2,3.2,5.2,0.133,1.7,0.5,2.2,2
438,Chris Silva,PF,23,MIA,41,307,17.2,0.663,0.029,0.71,20.6,19.3,19.9,10.2,1.4,5.8,25.5,17.5,0.7,0.5,1.1,0.178,-3.4,0.9,-2.5,0
439,Ben Simmons,PG,23,PHI,54,1930,20.8,0.608,0.01,0.46,6.2,18,12.1,34.8,2.9,1.4,20.6,20.9,3.8,3.2,7,0.174,1.4,2.4,3.9,2.9
440,Anfernee Simons,SG,20,POR,65,1400,9.3,0.506,0.417,0.175,1.9,8.9,5.4,9.4,0.9,0.6,9.7,19,0.1,0.2,0.3,0.01,-2.5,-1.8,-4.4,-0.8
441,Alen Smailagić,PF,19,GSW,14,139,14.5,0.61,0.325,0.475,7.5,13.7,10.5,14.3,1,2.6,18.5,18.2,0.2,0.1,0.2,0.081,-1.3,-0.8,-2.1,0
442,Marcus Smart,SG,25,BOS,53,1721,14,0.519,0.582,0.201,2.5,10.1,6.4,21,2.4,1.5,11.5,19.3,1.7,2.4,4.1,0.115,0.2,1.3,1.6,1.5
443,Dennis Smith Jr.,PG,22,NYK,34,537,7.5,0.399,0.256,0.251,4.1,11.7,7.7,26.4,2.5,1.4,19.8,23.1,-1.3,0.5,-0.9,-0.079,-5.2,-0.9,-6.1,-0.6
444,Ish Smith,PG,31,WAS,60,1570,13.8,0.512,0.258,0.12,1.9,11.7,6.6,25.9,1.5,1.3,11.2,18.3,1.3,0.4,1.7,0.053,-0.3,-1.1,-1.4,0.2
445,Zhaire Smith,SG,20,PHI,7,32,1.1,0.313,0.273,0.364,0,6.9,3.5,8.3,4.6,0,13.6,19.9,-0.1,0.1,-0.1,-0.118,-10.8,0.8,-10,-0.1
446,Tony Snell,SF,28,DET,59,1641,9.7,0.598,0.665,0.084,0.6,7.1,3.8,10.9,1,0.8,7.3,11.4,2.1,0.5,2.6,0.076,-1.1,-0.6,-1.8,0.1
447,Omari Spellman,PF,22,GSW,49,886,14.4,0.551,0.373,0.312,9.1,18,13.4,8.1,1.8,2.4,13.9,18.8,0.5,0.7,1.2,0.065,-0.7,-1,-1.7,0.1
448,Max Strus,SG,23,CHI,2,6,30.7,0.727,0.333,0.333,17.5,0,9.2,0,0,0,0,24.4,0,0,0,0.317,5.4,-1,4.4,0
449,Edmond Sumner,PG,24,IND,25,345,10,0.485,0.342,0.135,3.2,8.6,5.9,15.4,2.1,2,13.9,17.4,-0.1,0.4,0.3,0.039,-3.6,0.4,-3.1,-0.1
450,Caleb Swanigan,PF,22,TOT,27,288,7.6,0.597,0.043,0.362,9.9,26.1,18.1,14,0.5,2.1,40.4,13.5,-0.2,0.2,0,0.007,-6.3,0.2,-6,-0.3
450,Caleb Swanigan,PF,22,SAC,7,23,0,0.512,0,0.5,9.6,25.2,17.2,11.7,2.1,8.3,55.1,20.6,-0.1,0,-0.1,-0.175,-14.6,3.4,-11.2,-0.1
450,Caleb Swanigan,PF,22,POR,20,265,8.3,0.605,0.047,0.349,9.9,26.2,18.2,14.2,0.4,1.6,38.5,12.9,-0.1,0.2,0.1,0.023,-5.5,0,-5.6,-0.2
451,Jayson Tatum,PF,21,BOS,59,2043,20.3,0.562,0.377,0.251,3,18.8,11,14,2,2.4,9.7,28.6,2.9,3.4,6.2,0.147,3.3,0.6,3.9,3
452,Jeff Teague,PG,31,TOT,59,1464,14.6,0.557,0.239,0.403,1.9,8.6,5.2,30.7,1.4,1.1,16.8,19.5,1.9,0.6,2.5,0.082,-0.2,-1.3,-1.5,0.2
452,Jeff Teague,PG,31,MIN,34,945,16,0.578,0.269,0.444,1.6,8.5,4.9,32.5,1.2,1.1,16.4,20.2,1.7,0.4,2.1,0.108,0.6,-1.2,-0.6,0.3
452,Jeff Teague,PG,31,ATL,25,519,12.2,0.512,0.182,0.321,2.5,8.8,5.6,27.3,1.7,1,17.5,18.3,0.2,0.2,0.4,0.035,-1.6,-1.5,-3.1,-0.2
453,Garrett Temple,SG,33,BRK,55,1547,10.3,0.507,0.66,0.139,1.9,10.5,6.3,13.1,1.3,1.4,9.3,16.6,0.5,1.6,2.1,0.065,-1.5,0.4,-1.1,0.4
454,Daniel Theis,C,27,BOS,58,1382,18.2,0.629,0.212,0.277,10.2,19.2,14.7,9.9,1.2,5,10.1,14.7,3.6,2.3,5.9,0.205,0.4,1.8,2.3,1.5
455,Isaiah Thomas,PG,30,WAS,40,925,11.6,0.531,0.444,0.178,1.3,7,4,23.2,0.7,0.6,14.4,24.1,0.2,-0.1,0,0.001,-0.5,-3.9,-4.4,-0.6
456,Khyri Thomas,SG,23,DET,8,61,3.2,0.453,0.824,0.235,1.8,0,0.9,6.7,2.4,0,13.8,15.6,-0.1,0,0,-0.038,-6.1,-1.8,-7.9,-0.1
457,Matt Thomas,SG,25,TOR,33,321,13.6,0.65,0.676,0.09,2.4,13.2,7.9,7.9,1.2,0,9.4,17,0.5,0.4,0.9,0.137,1,0.4,1.4,0.3
458,Tristan Thompson,C,28,CLE,57,1721,16.8,0.54,0.041,0.286,14.5,22.9,18.6,10.5,0.9,2.5,14,18.3,2,1.1,3.1,0.085,-0.2,-1.3,-1.5,0.2
459,Matisse Thybulle,SG,22,PHI,57,1110,9.8,0.53,0.607,0.175,3.5,5.1,4.3,8.3,3.5,3.1,15.1,11.6,0.1,1.8,1.9,0.084,-3,3.1,0.1,0.6
460,Anthony Tolliver,PF,34,TOT,47,732,6.6,0.497,0.781,0.161,4.3,14.5,9.5,5.7,1,1.3,15.3,11.4,-0.1,0.4,0.3,0.018,-3.1,-0.7,-3.8,-0.3
460,Anthony Tolliver,PF,34,POR,33,554,7.6,0.515,0.761,0.162,5.1,15.3,10.3,6.6,0.7,1.4,14.3,11.2,0.2,0.2,0.4,0.033,-2.4,-0.9,-3.3,-0.2
460,Anthony Tolliver,PF,34,SAC,9,82,0.3,0.252,0.882,0.118,2.7,12.7,7.6,4.6,2.4,1.2,18.3,11.6,-0.2,0.1,-0.2,-0.099,-7.8,-0.9,-8.8,-0.1
460,Anthony Tolliver,PF,34,MEM,5,96,6.8,0.593,0.81,0.19,1.1,11.8,6.6,1.3,1.5,0.9,18,12,0,0.1,0.1,0.026,-3.4,0.3,-3,0
461,Juan Toscano-Anderson,SF,26,GSW,13,272,9.4,0.529,0.365,0.079,3.5,17.8,10.4,13.8,2.3,1.7,19.7,12.7,-0.1,0.2,0.2,0.03,-3.9,0.4,-3.5,-0.1
462,Karl-Anthony Towns,C,24,MIN,35,1187,26.5,0.642,0.445,0.363,8.1,26.1,16.8,22.8,1.3,2.9,13.2,28.8,3.8,1.3,5.1,0.205,7,0.8,7.8,2.9
463,Gary Trent Jr.,SG,21,POR,53,1059,11.8,0.555,0.574,0.103,2,6.6,4.3,6.5,1.8,1,4.9,15.4,1.2,0.4,1.6,0.071,-0.5,-0.6,-1.1,0.3
464,Allonzo Trier,PG,24,NYK,24,291,14.5,0.62,0.5,0.406,2.1,8.7,5.3,14.8,0.5,1.3,15,21.4,0.5,0.1,0.5,0.087,1,-1.5,-0.5,0.1
465,P.J. Tucker,PF,34,HOU,64,2203,8.7,0.58,0.687,0.118,4.8,16.2,10.5,5.9,1.5,1.2,14.6,8.6,1.8,2.2,3.9,0.086,-2.2,0.6,-1.6,0.2
466,Rayjon Tucker,SG,22,UTA,14,78,4.5,0.448,0.316,0.263,2.9,14.8,9.1,3.5,0.6,0,12.4,13.6,-0.1,0.1,0,-0.009,-6.7,-1.2,-7.9,-0.1
467,Evan Turner,PG,31,ATL,19,251,6.8,0.424,0.075,0.209,3.4,13,8.2,20.6,1.7,2.7,26.2,16.4,-0.5,0.1,-0.3,-0.064,-4.9,-0.7,-5.6,-0.2
468,Myles Turner,C,23,IND,55,1628,14.7,0.561,0.443,0.279,4.8,19.5,12.2,5.1,1.3,6.5,10.5,17.5,1,2.8,3.7,0.111,-0.9,1.1,0.2,0.9
469,Jarrod Uthoff,SF,26,MEM,4,14,-0.1,0.254,0.571,0.286,7.6,0,3.7,0,3.3,0,0,23.4,-0.1,0,0,-0.167,-11,-2.5,-13.5,0
470,Jonas Valančiūnas,C,27,MEM,62,1630,22.3,0.631,0.12,0.256,12.5,31.9,22.4,10.2,0.7,3.7,12.8,21.4,3.8,2.4,6.2,0.182,2.2,0,2.3,1.8
471,Denzel Valentine,SF,26,CHI,36,488,13,0.511,0.578,0.034,1.9,15.5,8.4,14.2,2.6,1.2,9.8,23.3,-0.1,0.6,0.5,0.048,-0.7,0.2,-0.5,0.2
472,Jarred Vanderbilt,SF-PF,20,TOT,11,46,7.6,0.676,0.125,0.25,7.3,14.5,10.8,5.9,3.2,2,44.1,14.9,-0.1,0.1,0,-0.02,-6.6,0.6,-5.9,0
472,Jarred Vanderbilt,SF,20,DEN,9,41,7.2,0.714,0,0,8.1,13.6,10.9,6.6,3.6,2.2,50,14.8,-0.1,0.1,0,-0.035,-7.1,1.1,-6,0
472,Jarred Vanderbilt,PF,20,MIN,2,5,11.1,0.532,1,2,0,21.9,10.6,0,0,0,0,15.5,0,0,0,0.104,-2.8,-2.8,-5.6,0
473,Fred VanVleet,PG,25,TOR,48,1719,16,0.546,0.482,0.237,1.1,9.7,5.5,27.4,2.5,0.7,12.4,22,2.2,2.7,4.9,0.136,1,1.3,2.3,1.8
474,Gabe Vincent,PG,23,MIA,6,42,1.2,0.316,0.842,0,0,7.7,4,9.9,1.2,0,0,20,-0.1,0,-0.1,-0.105,-6.7,-2.9,-9.6,-0.1
475,Noah Vonleh,C-PF,24,TOT,33,364,15.6,0.621,0.169,0.337,10.4,25.9,17.9,10.7,1.4,1.4,17,14,0.6,0.4,1,0.126,-1.2,0.3,-0.8,0.1
475,Noah Vonleh,C,24,MIN,29,347,15.3,0.605,0.163,0.326,10,25.9,17.6,10.8,1.5,1.4,16.2,13.9,0.5,0.3,0.9,0.123,-1.4,0.4,-1,0.1
475,Noah Vonleh,PF,24,DEN,4,17,22,1.031,0.333,0.667,19.6,26.2,22.9,8.6,0,0,34,15,0.1,0,0.1,0.185,4.3,-1.6,2.7,0
476,Nikola Vučević,C,29,ORL,54,1763,21.6,0.54,0.274,0.16,7.6,29.4,18.1,20,1.3,2.4,7.3,25.8,2.9,2.6,5.5,0.15,3.4,0.6,4,2.7
477,Dean Wade,PF,23,CLE,12,71,13.9,0.744,0.308,0.077,4.6,25.3,14.9,4,1.4,4.8,18.2,9.9,0.1,0.1,0.2,0.104,-1.7,0.5,-1.2,0
478,Moritz Wagner,C,22,WAS,37,707,16.6,0.666,0.294,0.36,7.6,22.8,14.9,10.1,1.5,2.1,17.2,18.8,1.3,0.5,1.8,0.122,-1.2,-0.3,-1.6,0.1
479,Dion Waiters,SG,28,MIA,3,42,13.5,0.53,0.654,0.038,0,28.2,14.7,12.4,0,4.7,10.2,30.9,-0.1,0.1,0,-0.001,2.4,-0.6,1.8,0
480,Kemba Walker,PG,29,BOS,50,1592,20.2,0.569,0.526,0.27,2.2,11.4,6.9,24.6,1.4,1.5,10.3,27.8,3.5,1.9,5.4,0.163,5,-0.2,4.7,2.7
481,Lonnie Walker,SG,21,SAS,53,767,11,0.515,0.266,0.199,2.8,13.4,8.1,8.4,1.8,1.5,9.6,18.2,0,0.5,0.5,0.028,-2.5,-0.7,-3.2,-0.2
482,Tyrone Wallace,SG,25,ATL,14,160,3.9,0.389,0.341,0.386,2,13,7.4,10.9,2,0.5,16.3,16,-0.3,0.1,-0.3,-0.075,-7.7,-1,-8.7,-0.3
483,Taurean Prince,SF,25,BRK,64,1857,9.2,0.497,0.583,0.12,2.8,17.9,10.6,9.3,1.5,1.1,14,20.4,-1.7,2.4,0.7,0.019,-2.9,-0.1,-3,-0.5
484,Derrick Walton,PG,24,TOT,26,248,8.7,0.617,0.615,0.231,0.9,5.7,3.4,13.9,1.4,0,10.4,8.1,0.4,0.2,0.6,0.112,-2.3,1.3,-1.1,0.1
484,Derrick Walton,PG,24,LAC,23,222,8.4,0.626,0.583,0.25,1,5.9,3.5,12.6,0.8,0,9.1,8.2,0.4,0.2,0.5,0.113,-2.2,0.9,-1.4,0
484,Derrick Walton,PG,24,DET,3,26,11.3,0.5,1,0,0,4.4,2.2,24.8,5.7,0,25,6.7,0,0,0.1,0.104,-2.8,4.6,1.8,0
485,Brad Wanamaker,PG,30,BOS,63,1215,11.8,0.56,0.283,0.365,1.7,9.2,5.5,17.6,2.1,0.9,15.9,15.4,1.2,1.5,2.7,0.108,-2.5,1.2,-1.3,0.2
486,T.J. Warren,SF,26,IND,61,1984,17.2,0.599,0.212,0.214,3.4,10,6.7,6.8,1.7,1.2,7.5,22.8,3.1,2.2,5.3,0.129,0.4,-0.2,0.2,1.1
487,P.J. Washington,PF,21,CHO,58,1759,12.4,0.547,0.39,0.231,3.5,16.6,9.8,11.3,1.5,2.3,12.5,18.6,0.5,1.4,2,0.054,-1.7,0.1,-1.6,0.2
488,Yuta Watanabe,SG,25,MEM,16,99,9.5,0.461,0.276,0.276,6.5,11.4,9,5.3,2.4,0.9,5.8,14.5,0,0.1,0.1,0.047,-3.6,1,-2.6,0
489,Tremont Waters,PG,22,BOS,10,89,6.5,0.438,0.486,0.171,0,10.7,5.4,18.8,2.7,2.1,21,22.9,-0.2,0.1,-0.1,-0.045,-6.6,0.1,-6.5,-0.1
490,Paul Watson,SF-SG,25,TOT,5,25,-0.5,0.056,0.5,0.25,0,17,8.5,23.9,1.9,3.9,0,14.8,-0.1,0,-0.1,-0.181,-8,0.8,-7.3,0
490,Paul Watson,SG,25,ATL,2,17,-7.1,0,0.429,0,0,12.8,6.3,21.1,2.7,0,0,17.1,-0.1,0,-0.1,-0.32,-12.3,-1.6,-13.9,-0.1
490,Paul Watson,SF,25,TOR,3,8,13.6,0.266,1,2,0,25.9,13.2,29.8,0,12.1,0,10.1,0,0,0,0.114,1.1,5.8,6.9,0
491,Quinndary Weatherspoon,SG,23,SAS,3,15,-5.1,0,0.333,0,0,7.2,3.6,7.7,0,0,0,8.7,-0.1,0,-0.1,-0.197,-9.1,-6,-15.1,-0.1
492,Russell Westbrook,PG,31,HOU,53,1905,21.5,0.539,0.168,0.289,5.1,18.4,11.7,35,2.1,0.8,14.9,34.4,2.1,2.3,4.3,0.109,1.9,-0.1,1.8,1.8
493,Coby White,SG,19,CHI,65,1674,11.9,0.506,0.475,0.163,1.8,14,7.6,16.5,1.4,0.3,11.4,24.4,-0.4,1.4,0.9,0.026,-1.2,-1.6,-2.8,-0.3
494,Derrick White,SG,25,SAS,61,1468,15.9,0.585,0.345,0.377,2.2,12,7.1,19.5,1.3,3.3,12.2,18.2,2.5,0.9,3.4,0.11,0.7,0.2,0.9,1.1
495,Hassan Whiteside,C,30,POR,61,1911,25,0.641,0.01,0.333,13.4,33.4,23.6,6,0.6,8.3,13.1,19.8,5.1,3,8.1,0.204,2.5,0.7,3.2,2.5
496,Andrew Wiggins,SF-SG,24,TOT,54,1858,16.4,0.536,0.342,0.274,3.6,12.3,7.8,18.1,1.1,2.4,10.7,27.4,0.9,1.1,1.9,0.05,1.1,-1.5,-0.3,0.8
496,Andrew Wiggins,SF,24,MIN,42,1455,16.1,0.535,0.348,0.262,3.4,12.9,7.9,18.1,0.9,2.1,10.8,28,0.6,0.8,1.4,0.046,1.2,-1.5,-0.4,0.6
496,Andrew Wiggins,SG,24,GSW,12,403,17.5,0.542,0.314,0.324,4.7,10.3,7.4,18.2,1.9,3.8,10.4,25.4,0.2,0.3,0.5,0.064,1,-1.1,-0.2,0.2
497,Grant Williams,PF,21,BOS,62,970,8,0.508,0.443,0.266,6.5,11.7,9.1,8.3,1.4,3.1,17.7,11.5,0.2,1.3,1.5,0.075,-4,1.4,-2.6,-0.1
498,Johnathan Williams,C,24,WAS,11,135,14.4,0.643,0.08,0.2,11.7,23.7,17.5,5.9,0.3,3.9,12.8,9.6,0.3,0.1,0.3,0.116,-0.5,-1.3,-1.8,0
499,Kenrich Williams,PF,25,NOP,35,779,7.6,0.43,0.671,0.168,6.6,17.5,12,8.3,1.5,2.2,12,9.2,0.1,0.8,0.8,0.052,-3.3,1,-2.3,-0.1
500,Lou Williams,SG,33,LAC,60,1757,17.2,0.546,0.334,0.365,1.7,9.1,5.5,29.9,1.1,0.5,14.4,28.3,2.2,1.7,3.9,0.107,2.1,-1.4,0.8,1.2
501,Marvin Williams,PF,33,TOT,52,1011,11.4,0.585,0.578,0.217,2.1,13.7,7.8,8,1.7,2.4,9.3,13,1,1,2.1,0.099,-1.7,1,-0.7,0.3
501,Marvin Williams,PF,33,CHO,41,808,11.8,0.593,0.557,0.238,2,13.2,7.4,7.8,1.6,2.5,9.7,14,0.8,0.6,1.5,0.087,-1.6,0.4,-1.2,0.2
501,Marvin Williams,PF,33,MIL,11,203,9.7,0.54,0.692,0.103,2.6,15.6,9.5,9,2,1.7,6.9,8.9,0.2,0.4,0.6,0.148,-2,3.4,1.4,0.2
502,Robert Williams,C,22,BOS,23,323,19.6,0.671,0,0.403,11.4,24.3,17.9,9.5,3,8,21.5,12.3,0.6,0.8,1.4,0.205,-0.6,4.4,3.8,0.5
503,Nigel Williams-Goss,PG,25,UTA,9,28,5.7,0.254,0.286,0.286,8.2,11.2,9.8,22.3,1.7,3,20.2,15.5,-0.1,0,0,-0.045,-5.1,1.1,-3.9,0
504,Zion Williamson,PF,19,NOP,19,565,24.2,0.624,0.045,0.521,10.2,13.9,12,12.6,1.3,1.3,12.4,29.6,1.3,0.4,1.8,0.149,3.5,-1.1,2.4,0.6
505,D.J. Wilson,PF,23,MIL,31,280,8.4,0.476,0.545,0.089,3.8,19.3,12,10.3,0.3,1.6,12.5,17.7,-0.2,0.5,0.3,0.055,-3.9,0.3,-3.6,-0.1
506,Justise Winslow,SF,23,MIA,11,352,8.6,0.44,0.209,0.209,5.3,17.4,11.6,18.6,1,1.4,14.6,20.7,-0.4,0.4,0,-0.003,-3.5,-0.1,-3.5,-0.1
507,Christian Wood,PF,24,DET,62,1325,23.2,0.659,0.276,0.476,8.8,24.8,16.7,7.6,1.3,3.4,12,23,3.6,1.5,5.1,0.184,3.5,-0.3,3.1,1.7
508,Delon Wright,SG,27,DAL,65,1412,16.1,0.563,0.307,0.236,5,14,9.6,21.2,2.6,1.3,13.9,14.8,2.6,1.8,4.3,0.148,0.4,2,2.4,1.6
509,Justin Wright-Foreman,PG,22,UTA,1,2,0,NA,NA,NA,0,0,0,0,0,0,NA,0,0,0,0,0.01,-6.1,-0.9,-7,0
510,Thaddeus Young,PF,31,CHI,64,1591,13.3,0.521,0.369,0.12,6.2,16.1,10.9,11.3,2.8,1.4,13.9,19.7,-0.2,2.1,1.9,0.058,-1.4,0.2,-1.1,0.4
511,Trae Young,PG,21,ATL,60,2120,23.9,0.595,0.455,0.448,1.6,11.5,6.5,45.6,1.4,0.3,16.2,34.9,5.4,0.5,5.9,0.134,6.3,-2.3,4,3.2
512,Cody Zeller,C,27,CHO,58,1341,18.8,0.576,0.157,0.374,12.6,21.2,16.7,11.3,1.5,1.7,11.9,20.8,2.4,1.2,3.6,0.129,0.2,-0.8,-0.6,0.5
513,Ante Žižić,C,23,CLE,22,221,16.4,0.597,0,0.264,9,24.4,16.6,4.2,1.5,1.9,11.1,17.5,0.3,0.2,0.5,0.106,-1.7,-1.5,-3.2,-0.1
514,Ivica Zubac,C,22,LAC,64,1156,21,0.642,0.006,0.42,15.2,25.7,20.6,8.7,0.5,4.6,11.8,16.2,3.6,2,5.6,0.231,1.5,1,2.5,1.3
