Rank,School,Games,OverallWins,OverallLosses,WinPct,OverallSRS,OverallSOS,ConferenceWins,ConferenceLosses,HomeWins,HomeLosses,AwayWins,AwayLosses,ForPoints,OppPoints,Blank,Minutes,FieldGoalsMade,FieldGoalsAttempted,FieldGoalPCT,ThreePointMade,ThreePointAttempts,ThreePointPct,FreeThrowsMade,FreeThrowsAttempted,FreeThrowPCT,OffensiveRebounds,TotalRebounds,Assists,Steals,Blocks,Turnovers,PersonalFouls,season
1,Abilene Christian,4,1,3,0.25,-9.79,-2.79,0,0,1,1,0,2,300,270,NA,165,108,249,0.434,27,96,0.281,57,79,0.722,39,130,58,44,5,44,84,2019-2020
2,Air Force,4,2,2,0.5,3.94,4.44,0,0,1,1,1,1,280,282,NA,160,92,203,0.453,28,82,0.341,68,87,0.782,24,132,47,19,13,58,70,2019-2020
3,Akron,4,3,1,0.75,2.4,-7.93,0,0,3,0,0,1,298,250,NA,160,90,238,0.378,33,110,0.3,85,108,0.787,48,166,49,18,18,56,70,2019-2020
4,Alabama A&M,4,0,4,0,-28.14,-0.64,0,0,0,0,0,4,234,344,NA,160,90,248,0.363,25,95,0.263,29,46,0.63,30,114,32,32,5,52,72,2019-2020
5,Alabama-Birmingham,3,2,1,0.667,-9.54,-13.54,0,0,1,1,1,0,205,193,NA,120,76,163,0.466,13,42,0.31,40,56,0.714,38,120,26,25,5,50,51,2019-2020
6,Alabama State,3,0,3,0,-4.92,17.75,0,0,0,0,0,3,170,238,NA,120,58,151,0.384,21,57,0.368,33,50,0.66,16,76,26,17,4,51,59,2019-2020
7,Alabama,3,1,2,0.333,-2.55,-3.88,0,0,1,1,0,1,237,233,NA,120,84,201,0.418,25,89,0.281,44,60,0.733,39,127,47,19,15,56,58,2019-2020
8,Albany (NY),3,1,2,0.333,-5.48,-10.82,0,0,1,1,0,1,204,188,NA,120,65,166,0.392,20,72,0.278,54,71,0.761,21,97,37,13,9,40,55,2019-2020
9,Alcorn State,4,1,3,0.25,-12.7,8.97,0,0,1,0,0,3,293,306,NA,165,105,275,0.382,34,111,0.306,49,71,0.69,56,159,53,43,9,63,82,2019-2020
10,American,4,1,3,0.25,-9.89,-3.39,0,0,0,1,1,2,293,319,NA,160,109,240,0.454,32,81,0.395,43,62,0.694,35,122,38,26,17,44,66,2019-2020
11,Appalachian State,6,3,3,0.5,7.1,6.5,0,0,2,0,0,2,388,358,NA,240,133,311,0.428,31,105,0.295,91,145,0.628,56,225,54,45,16,90,94,2019-2020
12,Arizona State,3,2,1,0.667,20.02,-2.65,0,0,2,0,0,0,253,185,NA,120,89,212,0.42,25,79,0.316,50,71,0.704,33,124,46,40,17,34,60,2019-2020
13,Arizona,4,4,0,1,37.14,2.64,0,0,4,0,0,0,351,213,NA,160,127,241,0.527,34,78,0.436,63,85,0.741,37,152,75,35,16,43,73,2019-2020
14,Little Rock,4,3,1,0.75,6.94,1.61,0,0,1,0,2,1,290,256,NA,160,109,228,0.478,18,67,0.269,54,75,0.72,50,149,59,30,11,57,77,2019-2020
15,Arkansas-Pine Bluff,3,0,3,0,-28.53,2.14,0,0,0,0,0,3,155,247,NA,120,58,157,0.369,9,36,0.25,30,51,0.588,21,83,23,23,6,54,64,2019-2020
16,Arkansas State,5,4,1,0.8,-8.02,-11.52,0,0,4,0,0,1,341,311,NA,200,130,271,0.48,24,75,0.32,57,88,0.648,46,167,93,42,13,71,82,2019-2020
17,Arkansas,3,3,0,1,43.7,14.03,0,0,3,0,0,0,221,132,NA,120,77,166,0.464,20,67,0.299,47,61,0.77,28,106,36,36,12,44,49,2019-2020
18,Army,4,2,2,0.5,-8.9,4.1,0,0,2,1,0,1,272,274,NA,160,107,241,0.444,39,114,0.342,19,37,0.514,25,146,72,31,7,56,60,2019-2020
19,Auburn,5,5,0,1,12.25,-6.75,0,0,3,0,1,0,436,341,NA,200,154,302,0.51,50,133,0.376,78,113,0.69,54,208,78,27,32,68,86,2019-2020
20,Austin Peay,3,1,2,0.333,-13.45,1.05,0,0,1,0,0,2,250,236,NA,120,93,201,0.463,17,69,0.246,47,63,0.746,44,113,42,29,10,39,59,2019-2020
21,Ball State,4,3,1,0.75,6.86,-2.8,0,0,1,0,1,1,298,225,NA,160,113,249,0.454,34,106,0.321,38,69,0.551,48,170,61,26,18,37,58,2019-2020
22,Baylor,3,2,1,0.667,17.25,0.58,0,0,2,0,0,0,241,191,NA,120,88,197,0.447,32,77,0.416,33,50,0.66,41,123,56,27,13,43,46,2019-2020
23,Belmont,4,3,1,0.75,16.42,-3.34,0,0,2,0,1,1,357,278,NA,160,130,261,0.498,51,121,0.421,46,62,0.742,38,153,82,31,16,46,56,2019-2020
24,Bethune-Cookman,4,2,2,0.5,-20.57,11.43,0,0,2,0,0,2,315,279,NA,160,114,264,0.432,27,82,0.329,60,89,0.674,50,177,52,40,26,78,89,2019-2020
25,Binghamton,4,1,3,0.25,-27.92,-7.67,0,0,1,0,0,3,250,331,NA,160,93,250,0.372,36,111,0.324,28,50,0.56,44,139,43,16,13,53,66,2019-2020
26,Boise State,3,1,2,0.333,-6.2,13.8,0,0,1,1,0,1,261,224,NA,120,88,189,0.466,27,75,0.36,58,81,0.716,32,107,48,23,4,34,39,2019-2020
27,Boston College,4,3,1,0.75,4.79,-3.21,1,0,2,1,1,0,295,263,NA,160,109,236,0.462,25,82,0.305,52,77,0.675,35,135,60,41,12,60,63,2019-2020
28,Boston University,4,2,2,0.5,-1.08,0.93,0,0,2,1,0,1,289,267,NA,160,110,238,0.462,29,88,0.33,40,65,0.615,36,140,48,29,7,45,66,2019-2020
29,Bowling Green State,4,3,1,0.75,13.65,10.15,0,0,2,0,0,1,336,286,NA,160,117,274,0.427,36,108,0.333,66,82,0.805,47,183,58,35,11,48,74,2019-2020
30,Bradley,3,2,1,0.667,2.65,-10.02,0,0,2,0,0,1,236,198,NA,120,84,202,0.416,20,60,0.333,48,62,0.774,48,129,47,18,9,29,52,2019-2020
31,Brigham Young,4,3,1,0.75,19.1,14.35,0,0,2,1,1,0,287,268,NA,160,104,234,0.444,35,92,0.38,44,65,0.677,29,127,62,27,4,51,66,2019-2020
32,Brown,3,3,0,1,-8.44,-12.11,0,0,2,0,1,0,218,207,NA,120,72,181,0.398,24,73,0.329,50,68,0.735,45,126,35,24,7,48,50,2019-2020
33,Bryant,6,4,2,0.667,-5.13,-11.73,0,0,2,1,2,1,482,400,NA,240,174,402,0.433,67,199,0.337,67,99,0.677,85,278,103,54,21,94,119,2019-2020
34,Bucknell,4,2,2,0.5,-2.43,-5.93,0,0,1,1,1,1,298,284,NA,160,103,231,0.446,43,103,0.417,49,65,0.754,43,153,55,18,18,66,81,2019-2020
35,Buffalo,3,2,1,0.667,6.04,2.54,0,0,1,1,0,0,260,216,NA,120,95,208,0.457,39,92,0.424,31,59,0.525,48,126,59,31,13,38,61,2019-2020
36,Butler,4,4,0,1,22.03,0.53,0,0,4,0,0,0,303,217,NA,160,114,226,0.504,24,63,0.381,51,74,0.689,39,141,66,21,12,32,62,2019-2020
37,Cal Poly,4,1,3,0.25,-10.28,7.06,0,0,1,0,0,3,267,275,NA,160,105,226,0.465,25,56,0.446,32,56,0.571,28,124,48,24,3,55,82,2019-2020
38,Cal State Bakersfield,4,2,2,0.5,-5.9,1.1,0,0,2,1,0,1,340,262,NA,170,126,274,0.46,23,77,0.299,65,85,0.765,62,176,56,39,16,41,82,2019-2020
39,Cal State Fullerton,4,2,2,0.5,6,15,0,0,1,0,1,2,254,261,NA,160,92,229,0.402,24,79,0.304,46,73,0.63,39,152,38,27,8,58,71,2019-2020
40,Cal State Northridge,5,0,5,0,-22.64,3.97,0,0,0,1,0,4,351,484,NA,200,123,310,0.397,45,120,0.375,60,90,0.667,54,157,70,24,9,75,97,2019-2020
41,California Baptist,4,2,2,0.5,1.45,4.78,0,0,2,0,0,2,321,275,NA,160,106,240,0.442,42,115,0.365,67,89,0.753,44,153,54,19,10,57,65,2019-2020
42,UC-Davis,5,2,3,0.4,-24.69,-11.94,0,0,1,0,0,2,373,378,NA,210,139,287,0.484,35,101,0.347,60,80,0.75,36,164,80,29,9,82,85,2019-2020
43,UC-Irvine,5,3,2,0.6,0.88,2.88,0,0,1,0,2,2,369,331,NA,200,140,293,0.478,27,83,0.325,62,78,0.795,56,206,73,33,19,83,98,2019-2020
44,UC-Riverside,4,2,2,0.5,2.09,0.59,0,0,1,0,1,2,224,218,NA,160,77,208,0.37,28,85,0.329,42,52,0.808,42,157,34,18,8,60,79,2019-2020
45,UC-Santa Barbara,3,1,2,0.333,4.08,2.75,0,0,1,1,0,1,225,221,NA,120,85,158,0.538,22,58,0.379,33,42,0.786,19,95,49,13,10,40,54,2019-2020
46,University of California,4,4,0,1,10.69,-0.31,0,0,4,0,0,0,302,258,NA,165,109,211,0.517,30,66,0.455,54,72,0.75,31,140,46,17,13,59,62,2019-2020
47,Campbell,4,3,1,0.75,-3.48,-6.82,0,0,1,0,2,1,339,275,NA,165,126,262,0.481,44,118,0.373,43,53,0.811,42,129,68,35,7,40,65,2019-2020
48,Canisius,3,1,2,0.333,-15.8,-5.47,0,0,1,0,0,2,208,239,NA,120,75,168,0.446,16,53,0.302,42,63,0.667,25,75,37,27,4,47,56,2019-2020
49,Central Arkansas,5,1,4,0.2,-16.87,14.63,0,0,1,1,0,3,320,426,NA,200,105,294,0.357,32,119,0.269,78,122,0.639,41,167,55,30,33,78,95,2019-2020
50,Central Connecticut State,4,0,4,0,-25.05,7.95,0,0,0,1,0,3,208,340,NA,160,73,210,0.348,19,63,0.302,43,82,0.524,32,129,44,26,16,87,81,2019-2020
51,Central Florida,3,2,1,0.667,4.93,5.93,0,0,1,1,1,0,210,213,NA,120,76,174,0.437,23,79,0.291,35,59,0.593,40,112,43,17,15,50,47,2019-2020
52,Central Michigan,4,4,0,1,16.19,-15.31,0,0,4,0,0,0,435,275,NA,160,148,294,0.503,49,121,0.405,90,128,0.703,51,176,74,55,8,32,58,2019-2020
53,Charleston Southern,5,1,4,0.2,-29.14,4.61,0,0,1,1,0,3,302,409,NA,200,122,322,0.379,20,101,0.198,38,67,0.567,60,163,60,40,9,72,81,2019-2020
54,Charlotte,3,2,1,0.667,6.18,2.85,0,0,2,0,0,1,212,202,NA,125,76,177,0.429,18,57,0.316,42,55,0.764,26,117,41,21,7,38,49,2019-2020
55,Chattanooga,4,3,1,0.75,-1.51,-5.26,0,0,2,0,1,1,291,276,NA,160,101,247,0.409,37,100,0.37,52,79,0.658,49,150,60,26,4,58,70,2019-2020
56,Chicago State,4,1,3,0.25,-38.13,2.2,0,0,1,1,0,2,271,349,NA,160,97,225,0.431,22,70,0.314,55,83,0.663,34,128,47,21,11,72,76,2019-2020
57,Cincinnati,3,2,1,0.667,14.71,-0.62,0,0,2,0,0,1,222,176,NA,120,80,175,0.457,22,69,0.319,40,62,0.645,37,130,50,21,10,45,56,2019-2020
58,Citadel,3,0,3,0,-10.93,1.74,0,0,0,2,0,1,235,273,NA,120,83,169,0.491,25,66,0.379,44,70,0.629,23,95,46,17,5,55,54,2019-2020
59,Clemson,4,3,1,0.75,9.61,-5.89,0,1,3,1,0,0,307,245,NA,160,115,256,0.449,38,116,0.328,39,58,0.672,44,150,54,33,7,46,62,2019-2020
60,Cleveland State,4,1,3,0.25,-11.23,16.11,0,0,1,0,0,3,245,302,NA,160,85,218,0.39,20,76,0.263,55,84,0.655,38,136,48,30,14,70,91,2019-2020
61,Coastal Carolina,4,2,2,0.5,2.81,-3.52,0,0,2,2,0,0,337,282,NA,160,121,258,0.469,32,88,0.364,63,92,0.685,58,165,53,31,20,57,75,2019-2020
62,Colgate,4,1,3,0.25,-9.94,3.31,0,0,1,0,0,3,264,317,NA,160,97,236,0.411,37,118,0.314,33,40,0.825,38,126,48,21,7,55,55,2019-2020
63,College of Charleston,3,2,1,0.667,-2.12,-3.46,0,0,2,1,0,0,212,208,NA,120,67,161,0.416,18,71,0.254,60,73,0.822,29,100,27,22,6,40,49,2019-2020
64,Colorado State,4,3,1,0.75,9.58,9.08,0,0,2,0,1,1,283,281,NA,160,91,215,0.423,30,90,0.333,71,99,0.717,36,144,49,20,6,55,68,2019-2020
65,Colorado,3,3,0,1,21.71,7.04,0,0,2,0,0,0,221,177,NA,120,77,182,0.423,26,59,0.441,41,63,0.651,35,118,39,27,9,40,34,2019-2020
66,Columbia,4,1,3,0.25,-5.04,-2.54,0,0,1,0,0,3,243,253,NA,160,91,239,0.381,28,91,0.308,33,48,0.688,33,138,37,23,14,49,60,2019-2020
67,Connecticut,3,2,1,0.667,-8.94,-14.28,0,0,2,1,0,0,238,222,NA,120,77,197,0.391,23,70,0.329,61,82,0.744,38,126,34,22,20,34,61,2019-2020
68,Coppin State,5,1,4,0.2,-9.2,2.6,0,0,0,1,1,3,341,400,NA,200,114,331,0.344,39,159,0.245,74,103,0.718,58,196,45,38,13,75,114,2019-2020
69,Cornell,4,1,3,0.25,-9.92,-9.17,0,0,1,1,0,2,277,280,NA,160,102,233,0.438,30,104,0.288,43,59,0.729,37,133,57,33,13,48,60,2019-2020
70,Creighton,3,2,1,0.667,9.91,1.24,0,0,2,0,0,1,232,206,NA,120,91,194,0.469,32,74,0.432,18,32,0.563,33,113,46,22,10,33,39,2019-2020
71,Dartmouth,5,4,1,0.8,-1.04,-2.04,0,0,1,0,2,0,295,290,NA,205,108,270,0.4,36,117,0.308,43,72,0.597,42,191,59,23,12,74,77,2019-2020
72,Davidson,3,1,2,0.333,7.01,2.01,0,0,1,0,0,1,211,196,NA,120,76,169,0.45,30,76,0.395,29,36,0.806,23,95,36,20,1,38,55,2019-2020
73,Dayton,2,2,0,1,-2,-19,0,0,2,0,0,0,176,142,NA,80,66,121,0.545,16,51,0.314,28,39,0.718,22,73,45,11,7,20,29,2019-2020
74,Delaware State,4,0,4,0,-21.64,-1.64,0,0,0,2,0,2,278,358,NA,160,98,236,0.415,25,86,0.291,57,83,0.687,31,126,39,23,7,67,83,2019-2020
75,Delaware,5,5,0,1,1.44,-4.81,0,0,1,0,1,0,381,310,NA,200,143,294,0.486,45,119,0.378,50,74,0.676,49,181,68,31,11,64,86,2019-2020
76,Denver,4,2,2,0.5,-1.39,11.94,0,0,2,0,0,2,265,288,NA,160,104,240,0.433,23,64,0.359,34,56,0.607,25,128,45,21,15,47,77,2019-2020
77,DePaul,5,5,0,1,8.98,-7.27,0,0,4,0,1,0,394,300,NA,200,150,283,0.53,37,96,0.385,57,97,0.588,43,189,76,51,29,77,96,2019-2020
78,Detroit Mercy,2,0,2,0,-7.87,12.63,0,0,0,0,0,2,130,171,NA,80,43,119,0.361,12,49,0.245,32,42,0.762,27,78,16,15,4,33,32,2019-2020
79,Drake,4,3,1,0.75,0.79,-8.21,0,0,3,0,0,1,319,247,NA,160,122,232,0.526,36,84,0.429,39,53,0.736,27,143,75,34,19,53,50,2019-2020
80,Drexel,5,2,3,0.4,-8.1,-4.7,0,0,2,0,0,3,344,361,NA,205,119,275,0.433,36,109,0.33,70,100,0.7,51,188,72,33,18,103,85,2019-2020
81,Duke,4,4,0,1,31.7,7.2,0,0,3,0,0,0,336,238,NA,160,127,280,0.454,28,92,0.304,54,84,0.643,61,178,57,47,22,54,69,2019-2020
82,Duquesne,3,3,0,1,17.68,-1.98,0,0,3,0,0,0,218,159,NA,120,79,180,0.439,22,74,0.297,38,47,0.809,34,110,36,34,17,39,45,2019-2020
83,East Carolina,4,1,3,0.25,-9.06,-4.31,0,0,1,1,0,2,256,275,NA,160,94,223,0.422,19,67,0.284,49,78,0.628,48,143,53,27,17,56,84,2019-2020
84,East Tennessee State,3,3,0,1,3.98,-6.02,0,0,2,0,1,0,232,183,NA,120,84,164,0.512,25,61,0.41,39,65,0.6,36,109,47,25,20,42,55,2019-2020
85,Eastern Illinois,4,2,2,0.5,10.1,1.44,0,0,2,0,0,2,324,245,NA,160,121,267,0.453,29,81,0.358,53,75,0.707,44,160,77,37,13,47,78,2019-2020
86,Eastern Kentucky,4,2,2,0.5,-5.04,7.96,0,0,2,1,0,1,328,281,NA,160,117,263,0.445,39,119,0.328,55,70,0.786,40,142,53,52,11,74,74,2019-2020
87,Eastern Michigan,4,4,0,1,23.37,18.37,0,0,3,0,1,0,322,210,NA,160,114,235,0.485,27,80,0.338,67,102,0.657,65,157,60,60,16,50,61,2019-2020
88,Eastern Washington,3,2,1,0.667,-15.29,-8.29,0,0,1,0,1,1,241,173,NA,120,85,200,0.425,29,87,0.333,42,60,0.7,36,126,44,33,14,39,58,2019-2020
89,Elon,4,2,2,0.5,-4.19,17.31,0,0,2,0,0,2,276,272,NA,160,102,280,0.364,34,106,0.321,38,51,0.745,49,177,54,23,9,43,72,2019-2020
90,Evansville,4,3,1,0.75,13.45,11.78,0,0,2,1,1,0,292,269,NA,160,102,233,0.438,34,97,0.351,54,64,0.844,32,143,45,18,9,52,52,2019-2020
91,Fairfield,4,1,3,0.25,-4.82,-2.32,0,0,0,2,1,1,267,277,NA,170,98,220,0.445,17,63,0.27,54,72,0.75,35,139,44,29,13,57,66,2019-2020
92,Fairleigh Dickinson,4,1,3,0.25,-11.59,-1.59,0,0,1,0,0,3,275,256,NA,160,105,229,0.459,22,76,0.289,43,57,0.754,41,151,40,27,16,67,62,2019-2020
93,Florida A&M,4,0,4,0,-6.86,9.89,0,0,0,0,0,2,236,303,NA,160,84,228,0.368,14,52,0.269,54,92,0.587,44,131,30,31,7,57,76,2019-2020
94,Florida Atlantic,4,2,2,0.5,-14.04,2.46,0,0,2,0,0,2,295,312,NA,160,110,266,0.414,30,103,0.291,45,71,0.634,59,158,50,38,14,57,71,2019-2020
95,Florida Gulf Coast,4,0,4,0,-16.95,-4.95,0,0,0,1,0,3,245,293,NA,160,79,212,0.373,31,97,0.32,56,80,0.7,38,133,51,22,13,67,73,2019-2020
96,Florida International,3,1,2,0.333,6.43,14.93,0,0,1,0,0,2,247,222,NA,120,94,176,0.534,29,72,0.403,30,45,0.667,24,94,46,34,23,54,63,2019-2020
97,Florida State,3,2,1,0.667,4.34,-0.67,0,1,1,0,1,1,203,188,NA,120,66,163,0.405,17,57,0.298,54,66,0.818,30,104,27,15,17,37,62,2019-2020
98,Florida,4,2,2,0.5,-3.64,-5.14,0,0,2,1,0,1,250,244,NA,160,88,229,0.384,19,79,0.241,55,75,0.733,49,151,43,17,11,47,69,2019-2020
99,Fordham,3,3,0,1,-4.89,-14.56,0,0,3,0,0,0,179,150,NA,120,63,162,0.389,18,55,0.327,35,67,0.522,39,120,39,30,5,37,47,2019-2020
100,Fresno State,4,2,2,0.5,5.44,11.1,0,0,2,0,0,2,292,264,NA,165,98,233,0.421,38,119,0.319,58,90,0.644,44,159,56,25,18,61,81,2019-2020
101,Furman,4,4,0,1,14.18,-10.82,0,0,2,0,2,0,331,234,NA,160,123,234,0.526,36,100,0.36,49,63,0.778,32,132,64,35,14,45,49,2019-2020
102,Gardner-Webb,3,0,3,0,-3.08,8.59,0,0,0,1,0,2,183,218,NA,120,67,171,0.392,17,58,0.293,32,46,0.696,30,97,34,20,13,51,68,2019-2020
103,George Mason,4,4,0,1,5.62,-5.13,0,0,4,0,0,0,307,264,NA,165,118,256,0.461,27,85,0.318,44,65,0.677,49,165,54,22,29,47,63,2019-2020
104,George Washington,4,1,3,0.25,-18.36,-16.86,0,0,1,2,0,1,263,269,NA,160,87,218,0.399,31,114,0.272,58,81,0.716,38,147,47,19,20,53,59,2019-2020
105,Georgetown,4,3,1,0.75,2.63,-1.62,0,0,3,1,0,0,327,310,NA,160,108,246,0.439,23,74,0.311,88,113,0.779,59,175,62,28,15,67,67,2019-2020
106,Georgia Southern,4,2,2,0.5,-3.65,-0.65,0,0,2,0,0,2,336,291,NA,160,120,254,0.472,42,103,0.408,54,78,0.692,29,134,59,36,17,52,65,2019-2020
107,Georgia State,4,1,3,0.25,3.06,10.73,0,0,1,0,0,3,330,284,NA,160,116,250,0.464,29,69,0.42,69,95,0.726,58,160,53,41,20,69,93,2019-2020
108,Georgia Tech,2,2,0,1,17.74,5.74,1,0,1,0,1,0,146,122,NA,85,50,113,0.442,13,44,0.295,33,49,0.673,13,86,32,16,18,35,39,2019-2020
109,Georgia,3,3,0,1,10.94,-9.73,0,0,3,0,0,0,286,224,NA,120,104,205,0.507,22,75,0.293,56,87,0.644,41,128,63,35,12,33,59,2019-2020
110,Gonzaga,4,4,0,1,23.72,-11.78,0,0,3,0,1,0,381,239,NA,160,141,249,0.566,33,78,0.423,66,95,0.695,51,175,83,31,21,46,63,2019-2020
111,Grambling,3,3,0,1,-5.18,-16.18,0,0,2,0,1,0,330,192,NA,120,124,226,0.549,23,58,0.397,59,79,0.747,51,146,54,44,13,37,43,2019-2020
112,Grand Canyon,4,1,3,0.25,-4.54,3.46,0,0,1,2,0,1,272,305,NA,160,98,226,0.434,19,76,0.25,57,79,0.722,29,123,53,21,2,50,67,2019-2020
113,Green Bay,3,1,2,0.333,-13.66,4.84,0,0,1,0,0,2,250,236,NA,120,96,218,0.44,26,78,0.333,32,49,0.653,37,125,55,25,8,53,57,2019-2020
114,Hampton,3,2,1,0.667,-11.52,1.48,0,0,2,0,0,1,272,193,NA,120,99,216,0.458,24,66,0.364,50,67,0.746,52,156,58,25,19,43,56,2019-2020
115,Hartford,5,3,2,0.6,-8.06,-9.56,0,0,1,1,2,1,329,316,NA,200,119,284,0.419,42,122,0.344,49,75,0.653,31,158,68,41,13,65,97,2019-2020
116,Harvard,5,3,2,0.6,6.11,4.36,0,0,3,0,0,1,365,301,NA,200,136,292,0.466,34,104,0.327,59,83,0.711,61,188,59,44,34,78,77,2019-2020
117,Hawaii,5,3,2,0.6,6,4.6,0,0,3,1,0,1,348,341,NA,200,127,290,0.438,38,110,0.345,56,75,0.747,38,158,72,27,14,60,95,2019-2020
118,High Point,4,0,4,0,-20.4,6.35,0,0,0,1,0,3,201,308,NA,160,68,217,0.313,17,65,0.262,48,67,0.716,34,137,31,19,15,70,67,2019-2020
119,Hofstra,4,2,2,0.5,-9.65,-8.65,0,0,2,1,0,1,347,308,NA,160,127,269,0.472,34,94,0.362,59,84,0.702,44,160,67,32,12,41,66,2019-2020
120,Holy Cross,3,0,3,0,-7.09,3.91,0,0,0,1,0,2,217,250,NA,125,79,184,0.429,27,77,0.351,32,41,0.78,25,100,44,11,6,41,59,2019-2020
121,Houston Baptist,3,0,3,0,-11.62,5.38,0,0,0,0,0,2,227,278,NA,120,78,204,0.382,28,81,0.346,43,59,0.729,37,109,34,22,8,50,56,2019-2020
122,Houston,2,1,1,0.5,20.6,7.1,0,0,1,1,0,0,155,128,NA,80,62,126,0.492,13,39,0.333,18,28,0.643,25,83,28,10,10,26,35,2019-2020
123,Howard,5,0,5,0,-37.03,-10.28,0,0,0,1,0,3,313,423,NA,200,115,305,0.377,33,108,0.306,50,81,0.617,59,169,64,22,9,60,100,2019-2020
124,Idaho State,4,2,2,0.5,-2.75,2.25,0,0,1,0,1,2,270,253,NA,160,98,214,0.458,31,93,0.333,43,70,0.614,47,140,48,23,9,57,73,2019-2020
125,Idaho,5,2,3,0.4,-18.23,-12.98,0,0,1,0,0,2,339,354,NA,200,127,281,0.452,24,93,0.258,61,87,0.701,50,164,70,26,13,54,77,2019-2020
126,Illinois-Chicago,4,1,3,0.25,-12.89,11.77,0,0,1,1,0,2,225,296,NA,160,79,231,0.342,29,100,0.29,38,52,0.731,45,144,50,16,12,59,68,2019-2020
127,Illinois State,3,2,1,0.667,12.78,9.45,0,0,2,1,0,0,219,209,NA,120,82,175,0.469,29,70,0.414,26,41,0.634,30,100,46,19,12,41,50,2019-2020
128,Illinois,4,3,1,0.75,14.21,11.21,0,0,2,0,1,1,296,284,NA,165,104,232,0.448,19,60,0.317,69,102,0.676,59,177,49,18,7,78,68,2019-2020
129,Incarnate Word,4,1,3,0.25,-20.22,1.11,0,0,1,1,0,2,244,282,NA,160,90,223,0.404,20,62,0.323,44,66,0.667,33,137,44,22,13,60,74,2019-2020
130,Indiana State,3,0,3,0,-8.82,7.18,0,0,0,0,0,2,198,246,NA,120,68,167,0.407,21,54,0.389,41,57,0.719,24,88,34,15,3,33,62,2019-2020
131,Indiana,4,4,0,1,18.2,-8.8,0,0,4,0,0,0,374,266,NA,160,126,236,0.534,25,69,0.362,97,130,0.746,52,167,62,27,25,46,82,2019-2020
132,Iona,2,0,2,0,-12.3,-4.8,0,0,0,1,0,1,136,151,NA,85,45,127,0.354,16,65,0.246,30,38,0.789,24,75,25,23,11,35,41,2019-2020
133,Iowa State,3,2,1,0.667,6.21,-9.79,0,0,2,0,0,1,254,206,NA,120,101,215,0.47,23,81,0.284,29,44,0.659,37,119,64,29,20,29,41,2019-2020
134,Iowa,3,2,1,0.667,5.16,-3.17,0,0,2,1,0,0,252,227,NA,120,82,180,0.456,22,67,0.328,66,90,0.733,36,110,50,24,9,39,41,2019-2020
135,Purdue-Fort Wayne,5,2,3,0.4,-8.64,-9.64,0,0,2,1,0,2,399,384,NA,200,142,298,0.477,51,139,0.367,64,90,0.711,47,172,73,38,7,77,90,2019-2020
136,IUPUI,4,2,2,0.5,-12.68,3.99,0,0,1,0,1,2,245,278,NA,160,94,228,0.412,28,90,0.311,29,52,0.558,44,148,45,29,9,74,70,2019-2020
137,Jackson State,5,0,5,0,-11.66,5.34,0,0,0,0,0,5,332,417,NA,200,122,315,0.387,31,106,0.292,57,79,0.722,61,146,58,42,18,59,101,2019-2020
138,Jacksonville State,3,1,2,0.333,-4.92,13.58,0,0,1,0,0,2,255,222,NA,120,93,190,0.489,26,67,0.388,43,61,0.705,36,113,40,31,7,48,38,2019-2020
139,Jacksonville,6,3,3,0.5,1.74,6.34,0,0,1,0,1,1,380,385,NA,240,138,325,0.425,38,125,0.304,66,104,0.635,56,225,72,28,15,85,81,2019-2020
140,James Madison,4,2,2,0.5,-2.47,10.53,0,0,2,0,0,2,279,270,NA,160,103,264,0.39,32,119,0.269,41,69,0.594,46,182,53,29,18,58,66,2019-2020
141,Kansas State,3,3,0,1,5.24,-6.76,0,0,2,0,1,0,200,164,NA,125,74,176,0.42,14,63,0.222,38,51,0.745,32,109,44,31,7,39,48,2019-2020
142,Kansas,3,2,1,0.667,33.05,11.38,0,0,2,0,0,0,252,187,NA,120,87,175,0.497,28,65,0.431,50,76,0.658,32,125,50,27,12,45,52,2019-2020
143,Kennesaw State,3,0,3,0,-23.17,-0.17,0,0,0,0,0,3,172,241,NA,120,60,174,0.345,12,50,0.24,40,56,0.714,28,101,27,18,8,51,45,2019-2020
144,Kent State,3,3,0,1,-2.39,-4.89,0,0,1,0,2,0,253,209,NA,125,89,204,0.436,30,84,0.357,45,62,0.726,39,128,42,27,16,33,56,2019-2020
145,Kentucky,4,3,1,0.75,20.41,6.91,0,0,2,1,0,0,306,252,NA,160,98,223,0.439,13,61,0.213,97,123,0.789,37,168,43,20,13,56,64,2019-2020
146,La Salle,3,1,2,0.333,-10.8,-5.8,0,0,1,1,0,1,194,209,NA,125,73,184,0.397,25,73,0.342,23,41,0.561,31,119,42,25,13,51,61,2019-2020
147,Lafayette,4,2,2,0.5,-6.07,-6.07,0,0,1,1,1,1,282,282,NA,160,108,217,0.498,38,92,0.413,28,36,0.778,29,134,61,21,19,67,57,2019-2020
148,Lamar,4,3,1,0.75,8.64,6.14,0,0,3,0,0,1,324,228,NA,160,132,265,0.498,25,76,0.329,35,62,0.565,54,164,69,55,25,62,69,2019-2020
149,Lehigh,5,3,2,0.6,-11.66,-2.99,0,0,2,1,1,1,356,326,NA,200,140,316,0.443,28,86,0.326,48,64,0.75,48,200,81,33,19,79,84,2019-2020
150,Liberty,4,4,0,1,2.6,-13.15,0,0,3,0,1,0,274,211,NA,160,99,209,0.474,35,91,0.385,41,64,0.641,38,150,58,23,13,43,59,2019-2020
151,Lipscomb,4,1,3,0.25,-5.88,2.79,0,0,1,1,0,2,288,265,NA,160,106,240,0.442,22,88,0.25,53,74,0.716,36,150,43,21,16,66,53,2019-2020
152,Cal State Long Beach,4,1,3,0.25,7,16.5,0,0,1,0,0,3,260,298,NA,160,97,220,0.441,27,72,0.375,39,61,0.639,32,119,32,26,18,63,78,2019-2020
153,Long Island University,4,1,3,0.25,-7.86,-2.36,0,0,0,1,1,2,305,327,NA,160,111,257,0.432,38,126,0.302,45,65,0.692,25,148,57,22,21,53,71,2019-2020
154,Longwood,6,4,2,0.667,-4.56,-7.31,0,0,4,0,0,2,435,377,NA,240,154,342,0.45,52,143,0.364,75,110,0.682,63,214,67,36,10,82,112,2019-2020
155,Louisiana,4,3,1,0.75,-5.54,-0.2,0,0,3,0,0,1,318,306,NA,160,110,244,0.451,32,84,0.381,66,82,0.805,45,154,44,32,15,67,71,2019-2020
156,Louisiana-Monroe,4,2,2,0.5,-7.76,-0.43,0,0,2,0,0,2,239,238,NA,165,94,221,0.425,19,74,0.257,32,57,0.561,48,161,39,24,18,67,68,2019-2020
157,Louisiana State,3,2,1,0.667,18.64,12.98,0,0,2,0,0,1,245,228,NA,120,86,173,0.497,17,53,0.321,56,74,0.757,40,130,32,17,17,67,56,2019-2020
158,Louisiana Tech,3,2,1,0.667,9.97,-1.53,0,0,1,0,1,1,252,183,NA,120,98,203,0.483,28,84,0.333,28,42,0.667,38,122,51,33,12,34,61,2019-2020
159,Louisville,4,4,0,1,16.54,-6.96,1,0,3,0,1,0,343,249,NA,160,128,226,0.566,35,79,0.443,52,70,0.743,32,151,72,17,14,45,70,2019-2020
160,Loyola (IL),4,2,2,0.5,-0.27,-6.02,0,0,2,1,0,1,302,279,NA,160,122,234,0.521,16,65,0.246,42,65,0.646,29,137,69,31,10,56,65,2019-2020
161,Loyola Marymount,3,1,2,0.333,5.39,12.89,0,0,1,1,0,1,236,208,NA,120,90,174,0.517,22,59,0.373,34,53,0.642,22,91,47,21,9,38,66,2019-2020
162,Loyola (MD),4,2,2,0.5,-11.17,-5.67,0,0,1,0,1,2,288,310,NA,165,102,229,0.445,27,89,0.303,57,91,0.626,31,121,69,34,12,56,74,2019-2020
163,Maine,3,1,2,0.333,1.72,5.05,0,0,1,0,0,2,192,202,NA,120,70,156,0.449,15,50,0.3,37,54,0.685,29,97,44,18,9,41,49,2019-2020
164,Manhattan,2,2,0,1,-5.07,-13.57,0,0,2,0,0,0,142,125,NA,80,44,114,0.386,14,53,0.264,40,56,0.714,20,71,27,20,7,25,47,2019-2020
165,Marist,3,1,2,0.333,-20.07,-11.4,0,0,0,1,1,1,150,176,NA,120,55,170,0.324,14,54,0.259,26,46,0.565,37,108,22,20,7,32,42,2019-2020
166,Marquette,3,2,1,0.667,15.22,5.56,0,0,2,0,0,1,214,185,NA,120,69,161,0.429,30,67,0.448,46,61,0.754,25,121,40,9,19,46,56,2019-2020
167,Marshall,3,1,2,0.333,-17.25,-7.58,0,0,1,1,0,1,201,230,NA,120,78,185,0.422,14,65,0.215,31,49,0.633,34,117,28,23,23,50,42,2019-2020
168,Maryland-Baltimore County,4,4,0,1,-12.94,-16.94,0,0,3,0,1,0,338,212,NA,160,118,240,0.492,37,102,0.363,65,99,0.657,47,176,74,23,11,54,62,2019-2020
169,Maryland-Eastern Shore,4,0,4,0,-23.14,2.36,0,0,0,0,0,4,209,311,NA,160,80,212,0.377,21,85,0.247,28,52,0.538,34,118,32,30,13,67,72,2019-2020
170,Maryland,3,3,0,1,24.13,0.13,0,0,3,0,0,0,248,176,NA,120,92,189,0.487,19,72,0.264,45,65,0.692,38,130,48,25,19,38,44,2019-2020
171,Massachusetts-Lowell,7,2,5,0.286,-0.32,4.84,0,0,1,3,1,2,506,494,NA,285,184,422,0.436,51,158,0.323,87,129,0.674,80,280,107,43,18,98,120,2019-2020
172,Massachusetts,4,4,0,1,11.43,-6.57,0,0,3,0,1,0,310,238,NA,160,113,230,0.491,38,92,0.413,46,72,0.639,35,129,59,40,17,39,64,2019-2020
173,McNeese State,6,2,4,0.333,-9.77,1.48,0,0,2,0,0,4,495,417,NA,240,177,345,0.513,62,137,0.453,79,112,0.705,56,212,105,38,22,101,108,2019-2020
174,Memphis,4,3,1,0.75,25.68,-3.57,0,0,3,0,0,0,365,248,NA,160,131,253,0.518,28,86,0.326,75,114,0.658,54,177,77,32,26,59,81,2019-2020
175,Mercer,4,3,1,0.75,-11.23,-10.57,0,0,3,0,0,1,321,315,NA,160,113,254,0.445,31,81,0.383,64,84,0.762,49,156,60,29,12,68,92,2019-2020
176,Merrimack,5,3,2,0.6,-0.72,0.68,0,0,0,0,2,1,295,302,NA,200,102,273,0.374,40,133,0.301,51,68,0.75,46,143,55,48,9,51,83,2019-2020
177,Miami (FL),4,3,1,0.75,7.52,-1.98,0,1,2,1,1,0,307,269,NA,160,118,268,0.44,32,88,0.364,37,56,0.661,46,151,53,27,14,34,51,2019-2020
178,Miami (OH),3,2,1,0.667,-8.93,-13.27,0,0,1,1,1,0,244,231,NA,120,90,197,0.457,33,87,0.379,31,43,0.721,32,111,48,18,16,35,55,2019-2020
179,Michigan State,4,3,1,0.75,19.15,-5.1,0,0,2,0,1,0,332,235,NA,160,123,259,0.475,28,95,0.295,58,80,0.725,52,179,85,28,18,46,63,2019-2020
180,Michigan,3,3,0,1,16.98,4.31,0,0,3,0,0,0,228,190,NA,120,87,172,0.506,25,71,0.352,29,41,0.707,22,99,43,14,18,38,32,2019-2020
181,Middle Tennessee,4,3,1,0.75,-10.53,-1.53,0,0,2,0,1,1,360,306,NA,160,129,267,0.483,41,104,0.394,61,87,0.701,40,164,70,35,18,57,82,2019-2020
182,Milwaukee,4,3,1,0.75,-11.44,-13.44,0,0,3,1,0,0,346,282,NA,175,124,272,0.456,37,106,0.349,61,91,0.67,54,180,65,28,14,59,90,2019-2020
183,Minnesota,4,1,3,0.25,18.15,14.65,0,0,1,0,0,2,272,258,NA,160,99,245,0.404,39,117,0.333,35,59,0.593,47,152,60,24,22,53,81,2019-2020
184,Mississippi State,4,4,0,1,14.19,-0.06,0,0,4,0,0,0,288,231,NA,160,105,213,0.493,18,64,0.281,60,95,0.632,58,163,63,28,21,69,60,2019-2020
185,Mississippi Valley State,4,0,4,0,-37.75,11.25,0,0,0,0,0,4,282,478,NA,160,110,289,0.381,30,109,0.275,32,49,0.653,35,136,44,17,12,70,79,2019-2020
186,Mississippi,3,3,0,1,18.15,-4.52,0,0,3,0,0,0,224,156,NA,120,83,168,0.494,18,56,0.321,40,57,0.702,26,113,46,36,11,42,56,2019-2020
187,Missouri-Kansas City,5,2,3,0.4,-16.21,-1.21,0,0,2,0,0,3,374,293,NA,200,145,313,0.463,36,109,0.33,48,70,0.686,49,177,88,59,20,59,92,2019-2020
188,Missouri State,4,2,2,0.5,8.98,2.73,0,0,2,1,0,1,254,229,NA,160,86,203,0.424,25,77,0.325,57,77,0.74,42,142,37,28,12,67,68,2019-2020
189,Missouri,4,3,1,0.75,18.76,1.51,0,0,3,0,0,1,286,217,NA,165,101,229,0.441,28,98,0.286,56,75,0.747,34,153,53,30,17,56,69,2019-2020
190,Monmouth,5,1,4,0.2,-17.53,3.08,0,0,0,0,1,4,301,404,NA,200,110,293,0.375,29,101,0.287,52,68,0.765,52,162,69,31,18,82,103,2019-2020
191,Montana State,5,4,1,0.8,13.38,11.13,0,0,1,0,1,1,344,302,NA,200,122,264,0.462,37,95,0.389,63,91,0.692,33,178,67,43,10,85,90,2019-2020
192,Montana,4,1,3,0.25,22.11,36.61,0,0,1,1,0,2,244,261,NA,160,93,215,0.433,15,60,0.25,43,61,0.705,26,135,40,24,16,66,65,2019-2020
193,Morehead State,4,4,0,1,-1.46,-17.79,0,0,3,0,1,0,335,238,NA,170,131,257,0.51,28,82,0.341,45,78,0.577,59,177,68,38,15,60,56,2019-2020
194,Morgan State,4,2,2,0.5,-13.81,-7.14,0,0,1,1,1,1,261,254,NA,160,98,244,0.402,16,76,0.211,49,81,0.605,57,163,46,24,22,59,93,2019-2020
195,Mount St. Mary's,4,1,3,0.25,-5.48,7.19,0,0,1,0,0,3,250,271,NA,160,88,218,0.404,26,89,0.292,48,78,0.615,43,138,38,30,9,59,67,2019-2020
196,Murray State,3,2,1,0.667,3.15,2.65,0,0,2,0,0,1,246,179,NA,120,87,170,0.512,18,56,0.321,54,74,0.73,30,135,59,16,16,45,50,2019-2020
197,Navy,3,2,1,0.667,-5.74,-1.74,0,0,2,0,0,1,204,181,NA,125,70,156,0.449,22,60,0.367,42,61,0.689,40,117,43,16,3,56,45,2019-2020
198,Omaha,4,2,2,0.5,0.55,0.55,0,0,2,0,0,2,281,262,NA,160,112,244,0.459,25,74,0.338,32,49,0.653,36,160,59,17,17,55,58,2019-2020
199,Nebraska,3,1,2,0.333,-0.16,0.84,0,0,1,2,0,0,215,218,NA,130,78,199,0.392,18,78,0.231,41,71,0.577,32,118,43,20,14,35,47,2019-2020
200,Nevada-Las Vegas,5,2,3,0.4,3.95,3.15,0,0,2,1,0,2,343,339,NA,210,127,281,0.452,34,105,0.324,55,73,0.753,57,176,53,22,18,79,84,2019-2020
201,Nevada,4,2,2,0.5,16.26,17.01,0,0,2,2,0,0,292,295,NA,160,99,243,0.407,39,117,0.333,55,78,0.705,28,142,62,22,18,44,90,2019-2020
202,New Hampshire,4,2,2,0.5,-7.58,0.09,0,0,2,0,0,2,311,270,NA,160,114,243,0.469,36,97,0.371,47,73,0.644,45,169,71,20,11,58,62,2019-2020
203,New Mexico State,4,2,2,0.5,4.54,14.21,0,0,2,0,0,2,274,257,NA,160,91,213,0.427,32,103,0.311,60,91,0.659,50,142,46,18,2,62,63,2019-2020
204,New Mexico,4,4,0,1,1.96,-15.38,0,0,4,0,0,0,372,299,NA,160,128,239,0.536,30,78,0.385,86,115,0.748,35,157,84,39,14,66,63,2019-2020
205,New Orleans,4,1,3,0.25,-5.9,14.77,0,0,1,0,0,3,290,296,NA,160,106,235,0.451,15,59,0.254,63,80,0.788,34,132,58,25,13,46,78,2019-2020
206,Niagara,4,0,4,0,-20.27,-1.52,0,0,0,1,0,3,245,320,NA,160,96,229,0.419,22,70,0.314,31,45,0.689,28,112,45,20,6,61,75,2019-2020
207,Nicholls State,4,2,2,0.5,6.01,10.34,0,0,1,0,1,2,291,289,NA,165,108,266,0.406,35,99,0.354,40,50,0.8,49,131,53,47,14,65,81,2019-2020
208,NJIT,4,2,2,0.5,-12.69,-9.19,0,0,1,0,1,2,269,283,NA,160,97,229,0.424,26,87,0.299,49,63,0.778,33,131,44,16,8,46,67,2019-2020
209,Norfolk State,3,2,1,0.667,5.12,18.12,0,0,2,0,0,1,248,180,NA,120,87,201,0.433,24,75,0.32,50,71,0.704,42,132,45,29,10,37,54,2019-2020
210,North Alabama,4,2,2,0.5,-4.33,9.67,0,0,2,0,0,2,276,287,NA,160,98,238,0.412,23,84,0.274,57,89,0.64,49,142,53,41,15,67,99,2019-2020
211,North Carolina-Asheville,4,2,2,0.5,-2.15,4.18,0,0,1,0,1,2,312,301,NA,160,113,247,0.457,27,95,0.284,59,85,0.694,42,126,43,38,9,55,99,2019-2020
212,North Carolina A&T,4,1,3,0.25,-12.93,5.07,0,0,1,0,0,3,231,303,NA,160,88,224,0.393,17,65,0.262,38,73,0.521,38,130,41,37,13,72,84,2019-2020
213,North Carolina Central,4,1,3,0.25,-14.45,0.56,0,0,1,0,0,3,242,302,NA,160,80,210,0.381,27,80,0.338,55,79,0.696,36,134,41,27,4,86,93,2019-2020
214,North Carolina-Greensboro,6,4,2,0.667,19.99,6.39,0,0,4,1,0,1,439,313,NA,240,164,384,0.427,58,186,0.312,53,98,0.541,77,239,92,64,35,65,100,2019-2020
215,North Carolina State,4,3,1,0.75,15.53,1.03,0,1,3,1,0,0,346,288,NA,165,123,274,0.449,26,84,0.31,74,100,0.74,54,160,59,27,20,47,76,2019-2020
216,North Carolina-Wilmington,4,2,2,0.5,-12.41,3.92,0,0,2,1,0,1,295,324,NA,165,105,243,0.432,33,98,0.337,52,76,0.684,33,149,49,23,7,62,59,2019-2020
217,North Carolina,3,3,0,1,8.24,-6.09,1,0,2,0,1,0,231,188,NA,120,80,188,0.426,24,63,0.381,45,72,0.625,42,149,47,16,12,42,47,2019-2020
218,North Dakota State,6,4,2,0.667,-6.69,-7.69,0,0,2,0,1,1,411,366,NA,240,138,340,0.406,49,158,0.31,86,114,0.754,59,229,78,30,13,58,82,2019-2020
219,North Dakota,3,1,2,0.333,-10.77,11.73,0,0,1,0,0,2,212,232,NA,120,82,190,0.432,22,68,0.324,26,36,0.722,27,116,40,16,7,45,38,2019-2020
220,North Florida,5,4,1,0.8,-9.21,-6.21,0,0,4,0,0,1,409,334,NA,200,147,337,0.436,70,176,0.398,45,68,0.662,71,211,89,37,12,75,75,2019-2020
221,North Texas,4,1,3,0.25,18.45,28.79,0,0,1,1,0,2,229,221,NA,160,86,200,0.43,27,80,0.338,30,47,0.638,46,141,43,24,7,75,75,2019-2020
222,Northeastern,4,2,2,0.5,3.88,5.38,0,0,1,1,1,1,296,302,NA,160,108,215,0.502,35,82,0.427,45,56,0.804,25,119,50,28,7,53,70,2019-2020
223,Northern Arizona,2,1,1,0.5,-1.73,37.27,0,0,1,0,0,1,157,123,NA,80,55,128,0.43,23,59,0.39,24,37,0.649,24,91,32,6,6,31,37,2019-2020
224,Northern Colorado,5,2,3,0.4,-0.22,3.53,0,0,2,0,0,3,365,314,NA,205,130,289,0.45,50,141,0.355,55,83,0.663,50,183,66,37,12,66,65,2019-2020
225,Northern Illinois,5,3,2,0.6,0.34,0.09,0,0,3,1,0,1,348,299,NA,200,119,304,0.391,37,115,0.322,73,106,0.689,77,228,45,33,20,75,77,2019-2020
226,Northern Iowa,4,4,0,1,7.81,-0.19,0,0,3,0,1,0,266,234,NA,165,96,229,0.419,32,107,0.299,42,63,0.667,34,146,37,15,5,45,54,2019-2020
227,Northern Kentucky,4,3,1,0.75,3.47,4.14,0,0,2,0,1,1,312,264,NA,160,116,249,0.466,42,126,0.333,38,70,0.543,49,158,71,41,13,54,72,2019-2020
228,Northwestern State,4,1,3,0.25,-14.42,1.25,0,0,1,1,0,2,273,293,NA,160,99,241,0.411,36,110,0.327,39,55,0.709,38,149,50,23,8,72,80,2019-2020
229,Northwestern,2,1,1,0.5,1.34,1.84,0,0,1,1,0,0,133,134,NA,80,43,100,0.43,9,32,0.281,38,49,0.776,16,75,31,8,6,33,38,2019-2020
230,Notre Dame,5,4,1,0.8,-2.84,-17.44,0,1,4,0,0,1,373,300,NA,200,132,312,0.423,40,130,0.308,69,96,0.719,55,204,83,38,15,49,55,2019-2020
231,Oakland,6,4,2,0.667,0.55,0.75,0,0,2,0,0,1,393,366,NA,240,136,315,0.432,30,100,0.3,91,140,0.65,69,246,76,43,15,90,81,2019-2020
232,Ohio State,4,4,0,1,25.51,3.51,0,0,4,0,0,0,302,214,NA,160,108,222,0.486,33,82,0.402,53,82,0.646,42,168,65,15,21,48,66,2019-2020
233,Ohio,4,3,1,0.75,1.21,2.21,0,0,1,0,2,1,288,253,NA,160,107,222,0.482,37,94,0.394,37,59,0.627,34,143,68,27,9,59,70,2019-2020
234,Oklahoma State,4,4,0,1,7.08,-5.17,0,0,3,0,1,0,286,237,NA,160,105,238,0.441,23,74,0.311,53,74,0.716,39,158,50,35,24,52,62,2019-2020
235,Oklahoma,4,4,0,1,14.5,4.5,0,0,2,0,0,0,308,268,NA,160,110,255,0.431,25,80,0.313,63,79,0.797,33,162,48,22,18,36,53,2019-2020
236,Old Dominion,4,3,1,0.75,5.04,-0.96,0,0,2,0,1,1,273,249,NA,160,102,246,0.415,19,60,0.317,50,80,0.625,57,169,38,44,18,51,72,2019-2020
237,Oral Roberts,4,1,3,0.25,-3.31,-0.56,0,0,1,0,0,3,311,322,NA,160,108,281,0.384,34,119,0.286,61,83,0.735,54,171,54,33,8,57,93,2019-2020
238,Oregon State,4,3,1,0.75,8.13,-1.37,0,0,2,0,1,0,319,281,NA,160,112,243,0.461,35,83,0.422,60,84,0.714,45,155,66,21,23,45,59,2019-2020
239,Oregon,4,4,0,1,26.75,8.5,0,0,3,0,0,0,326,253,NA,160,123,239,0.515,31,75,0.413,49,75,0.653,42,166,64,28,11,53,73,2019-2020
240,Pacific,6,4,2,0.667,5.69,2.19,0,0,3,0,0,1,418,344,NA,240,156,325,0.48,35,100,0.35,71,113,0.628,62,215,70,43,13,63,100,2019-2020
241,Penn State,3,3,0,1,12.73,-13.94,0,0,2,0,1,0,256,176,NA,120,87,186,0.468,36,90,0.4,46,74,0.622,37,126,54,34,18,47,57,2019-2020
242,Pennsylvania,3,2,1,0.667,-4.57,-3.9,0,0,1,0,1,1,217,219,NA,120,82,202,0.406,18,76,0.237,35,51,0.686,31,117,30,21,11,39,39,2019-2020
243,Pepperdine,4,3,1,0.75,-4.22,-5.22,0,0,1,0,2,1,315,311,NA,160,104,240,0.433,39,101,0.386,68,80,0.85,38,128,63,23,11,51,79,2019-2020
244,Pittsburgh,5,3,2,0.6,-1.68,-3.48,1,0,2,2,1,0,320,311,NA,200,101,260,0.388,24,82,0.293,94,134,0.701,68,185,57,29,16,70,73,2019-2020
245,Portland State,3,1,2,0.333,2.61,12.11,0,0,1,0,0,2,243,237,NA,120,84,200,0.42,15,48,0.313,60,87,0.69,44,106,26,35,15,39,59,2019-2020
246,Portland,4,3,1,0.75,9.7,5.36,0,0,2,0,1,1,294,231,NA,160,109,226,0.482,35,86,0.407,41,60,0.683,26,133,70,33,12,53,52,2019-2020
247,Prairie View,5,1,4,0.2,-2.44,9.81,0,0,1,0,0,4,323,334,NA,200,117,278,0.421,29,84,0.345,60,97,0.619,48,160,55,47,10,87,105,2019-2020
248,Presbyterian,4,1,3,0.25,-19.72,-3.97,0,0,0,1,1,2,233,296,NA,165,92,225,0.409,26,84,0.31,23,42,0.548,38,136,42,26,10,58,57,2019-2020
249,Princeton,3,0,3,0,-8.64,6.03,0,0,0,1,0,1,204,248,NA,120,78,179,0.436,22,69,0.319,26,47,0.553,35,98,26,15,6,38,43,2019-2020
250,Providence,4,3,1,0.75,4.37,-17.38,0,0,3,0,0,1,313,226,NA,160,113,265,0.426,36,113,0.319,51,74,0.689,63,166,80,44,24,51,76,2019-2020
251,Purdue,4,2,2,0.5,7.69,-5.31,0,0,2,1,0,1,293,241,NA,160,111,251,0.442,31,95,0.326,40,67,0.597,66,167,66,27,20,43,65,2019-2020
252,Quinnipiac,2,0,2,0,-15.49,-0.49,0,0,0,0,0,2,120,150,NA,80,49,130,0.377,11,52,0.212,11,15,0.733,19,82,17,11,10,27,28,2019-2020
253,Radford,3,1,2,0.333,-5,-0.5,0,0,1,0,0,2,224,182,NA,120,83,187,0.444,23,68,0.338,35,52,0.673,43,123,35,19,8,32,53,2019-2020
254,Rhode Island,3,2,1,0.667,6.9,4.57,0,0,2,0,0,1,224,217,NA,120,80,200,0.4,22,65,0.338,42,59,0.712,39,126,44,24,9,40,53,2019-2020
255,Rice,5,4,1,0.8,1.71,7.21,0,0,2,0,2,1,350,347,NA,200,123,296,0.416,46,137,0.336,58,79,0.734,47,194,69,35,22,80,76,2019-2020
256,Richmond,3,3,0,1,1.67,-8.66,0,0,3,0,0,0,283,252,NA,130,101,200,0.505,37,87,0.425,44,56,0.786,27,103,60,25,10,30,54,2019-2020
257,Rider,3,2,1,0.667,-4.6,-3.6,0,0,0,0,2,1,227,230,NA,120,83,180,0.461,18,60,0.3,43,70,0.614,35,148,41,18,5,67,57,2019-2020
258,Robert Morris,5,1,4,0.2,-21.45,-11.45,0,0,0,1,0,3,315,365,NA,200,122,307,0.397,42,115,0.365,29,47,0.617,55,167,75,30,8,58,90,2019-2020
259,Rutgers,4,3,1,0.75,3.38,-8.62,0,0,3,0,0,0,295,247,NA,160,104,235,0.443,23,82,0.28,64,95,0.674,55,168,63,29,26,50,54,2019-2020
260,Sacramento State,2,2,0,1,15.09,2.09,0,0,2,0,0,0,138,76,NA,80,51,112,0.455,11,29,0.379,25,37,0.676,24,91,28,13,12,24,32,2019-2020
261,Sacred Heart,3,0,3,0,-34.81,-10.81,0,0,0,0,0,3,199,271,NA,120,65,189,0.344,19,73,0.26,50,66,0.758,49,139,28,8,7,58,47,2019-2020
262,Saint Francis (PA),4,2,2,0.5,-2.44,-0.69,0,0,1,0,1,2,306,313,NA,165,103,241,0.427,31,72,0.431,69,94,0.734,52,158,39,27,6,59,74,2019-2020
263,Saint Joseph's,4,2,2,0.5,-4.36,-0.36,0,0,1,0,1,2,319,335,NA,160,102,256,0.398,46,135,0.341,69,103,0.67,53,168,62,27,13,63,80,2019-2020
264,Saint Louis,4,3,1,0.75,5.43,-4.07,0,0,3,1,0,0,318,280,NA,160,115,242,0.475,28,75,0.373,60,113,0.531,55,160,64,38,19,54,85,2019-2020
265,Saint Mary's (CA),4,3,1,0.75,18.05,5.8,0,0,2,1,0,0,284,235,NA,165,104,220,0.473,35,77,0.455,41,57,0.719,32,136,49,26,8,55,70,2019-2020
266,Saint Peter's,2,0,2,0,-23.36,-0.36,0,0,0,1,0,1,91,137,NA,80,31,111,0.279,7,36,0.194,22,32,0.688,21,67,14,17,6,35,38,2019-2020
267,Sam Houston State,3,1,2,0.333,7.25,15.25,0,0,1,0,0,2,230,208,NA,120,91,205,0.444,22,68,0.324,26,36,0.722,38,115,42,33,6,43,80,2019-2020
268,Samford,5,2,3,0.4,-10.44,3.56,0,0,2,0,0,3,374,352,NA,210,146,335,0.436,27,96,0.281,55,93,0.591,75,222,58,38,16,79,81,2019-2020
269,San Diego State,3,3,0,1,24.89,3.22,0,0,2,0,1,0,239,174,NA,120,90,197,0.457,31,71,0.437,28,51,0.549,49,142,49,18,11,35,53,2019-2020
270,San Diego,5,2,3,0.4,0.24,2.64,0,0,1,1,1,2,331,343,NA,205,115,286,0.402,36,114,0.316,65,85,0.765,41,163,59,38,14,85,88,2019-2020
271,San Francisco,4,4,0,1,6.41,-3.93,0,0,2,0,1,0,343,261,NA,165,124,272,0.456,40,128,0.313,55,69,0.797,61,181,55,25,9,48,71,2019-2020
272,San Jose State,4,2,2,0.5,-5.87,12.47,0,0,1,1,1,1,260,290,NA,160,101,245,0.412,24,89,0.27,34,64,0.531,41,153,58,23,9,58,60,2019-2020
273,Santa Clara,4,3,1,0.75,9.86,8.53,0,0,3,0,0,1,308,259,NA,160,107,225,0.476,25,79,0.316,69,87,0.793,34,150,62,34,13,65,87,2019-2020
274,Seattle,5,2,3,0.4,-21.97,-1.63,0,0,2,1,0,2,400,393,NA,200,139,311,0.447,24,103,0.233,98,125,0.784,53,207,63,29,11,67,96,2019-2020
275,Seton Hall,4,3,1,0.75,16.16,-0.1,0,0,2,1,1,0,335,270,NA,160,117,249,0.47,37,99,0.374,64,89,0.719,42,158,67,34,19,46,82,2019-2020
276,Siena,4,2,2,0.5,5.83,3.83,0,0,2,0,0,2,293,285,NA,160,105,236,0.445,25,80,0.313,58,83,0.699,44,149,48,21,8,57,72,2019-2020
277,South Alabama,4,2,2,0.5,-4.53,-0.19,0,0,2,1,0,1,298,280,NA,160,106,230,0.461,21,76,0.276,65,84,0.774,42,140,45,37,23,41,71,2019-2020
278,South Carolina State,4,2,2,0.5,-15.33,14.17,0,0,2,0,0,2,285,305,NA,160,99,219,0.452,32,79,0.405,55,69,0.797,30,132,34,19,2,61,47,2019-2020
279,South Carolina Upstate,5,1,4,0.2,-20.53,-0.03,0,0,1,0,0,4,324,365,NA,200,122,315,0.387,30,117,0.256,50,85,0.588,66,179,50,32,13,65,99,2019-2020
280,South Carolina,3,3,0,1,21.3,-6.37,0,0,3,0,0,0,233,150,NA,120,84,198,0.424,19,61,0.311,46,79,0.582,51,134,41,31,15,41,66,2019-2020
281,South Dakota State,5,3,2,0.6,-5.62,-0.62,0,0,2,0,1,2,388,380,NA,210,139,317,0.438,30,116,0.259,80,111,0.721,61,226,58,31,12,77,101,2019-2020
282,South Dakota,5,5,0,1,7.53,-3.07,0,0,2,0,1,0,397,344,NA,200,132,256,0.516,47,92,0.511,86,109,0.789,31,170,80,18,12,63,92,2019-2020
283,South Florida,3,1,2,0.333,-12.85,-12.18,0,0,1,2,0,0,183,185,NA,120,62,169,0.367,18,71,0.254,41,71,0.577,42,103,23,39,12,57,59,2019-2020
284,Southeast Missouri State,2,1,1,0.5,-13.26,-4.76,0,0,1,0,0,1,144,161,NA,80,50,114,0.439,11,30,0.367,33,48,0.688,22,73,21,9,2,27,34,2019-2020
285,Southeastern Louisiana,4,2,2,0.5,-16.12,-0.12,0,0,2,1,0,1,267,285,NA,160,100,245,0.408,26,102,0.255,41,74,0.554,43,139,49,35,13,66,80,2019-2020
286,Southern California,4,4,0,1,20.37,3.37,0,0,3,0,1,0,313,245,NA,160,116,261,0.444,27,83,0.325,54,83,0.651,60,173,65,34,18,56,64,2019-2020
287,SIU Edwardsville,5,2,3,0.4,-15.21,-1.96,0,0,1,1,1,2,310,354,NA,200,124,306,0.405,22,84,0.262,40,60,0.667,53,175,63,33,14,72,111,2019-2020
288,Southern Illinois,5,2,3,0.4,-4.07,-0.32,0,0,1,1,0,0,314,301,NA,200,118,265,0.445,31,108,0.287,47,69,0.681,27,153,65,33,11,57,61,2019-2020
289,Southern Methodist,4,4,0,1,7.94,-2.31,0,0,3,0,1,0,290,249,NA,160,99,223,0.444,25,83,0.301,67,86,0.779,54,166,54,21,12,60,63,2019-2020
290,Southern Mississippi,3,1,2,0.333,-11.36,-6.86,0,0,1,0,0,2,222,212,NA,120,93,188,0.495,13,43,0.302,23,32,0.719,37,121,54,25,10,48,43,2019-2020
291,Southern Utah,4,2,2,0.5,6.07,12.4,0,0,1,0,1,2,313,288,NA,170,119,261,0.456,18,79,0.228,57,88,0.648,42,177,54,37,22,67,88,2019-2020
292,Southern,4,2,2,0.5,-14.37,3.63,0,0,2,0,0,2,320,273,NA,160,122,264,0.462,22,74,0.297,54,75,0.72,46,131,46,49,16,57,107,2019-2020
293,St. Bonaventure,4,1,3,0.25,-1.03,4.22,0,0,0,2,0,1,257,278,NA,160,92,238,0.387,28,98,0.286,45,57,0.789,52,142,50,22,9,51,91,2019-2020
294,St. Francis (NY),4,1,3,0.25,-11.96,0.05,0,0,1,0,0,3,273,321,NA,160,103,231,0.446,24,73,0.329,43,64,0.672,36,139,39,22,18,67,85,2019-2020
295,St. John's (NY),4,3,1,0.75,8.41,-9.35,0,0,3,1,0,0,338,267,NA,160,120,281,0.427,31,84,0.369,67,99,0.677,65,181,57,37,27,54,77,2019-2020
296,Stanford,4,4,0,1,29.46,11.21,0,0,4,0,0,0,311,238,NA,160,113,221,0.511,26,67,0.388,59,81,0.728,24,137,59,37,12,51,61,2019-2020
297,Stephen F. Austin,4,4,0,1,3.73,-14.27,0,0,4,0,0,0,354,281,NA,160,126,255,0.494,29,77,0.377,73,99,0.737,61,156,63,46,16,85,95,2019-2020
298,Stetson,4,2,2,0.5,-20.34,-1.34,0,0,1,0,1,2,267,266,NA,160,95,223,0.426,33,89,0.371,44,69,0.638,46,152,47,29,15,58,60,2019-2020
299,Stony Brook,6,4,2,0.667,-3.66,-3.86,0,0,1,1,1,1,418,370,NA,245,140,358,0.391,51,157,0.325,87,116,0.75,74,247,68,33,33,83,84,2019-2020
300,Syracuse,3,2,1,0.667,3.96,-4.04,0,1,2,1,0,0,193,169,NA,120,69,157,0.439,21,69,0.304,34,55,0.618,25,103,45,22,13,37,39,2019-2020
301,Temple,3,3,0,1,-0.56,-10.89,0,0,2,0,1,0,215,184,NA,120,73,186,0.392,19,68,0.279,50,74,0.676,38,123,37,37,15,32,43,2019-2020
302,Tennessee-Martin,4,2,2,0.5,-18.4,-1.4,0,0,1,1,1,1,341,334,NA,160,125,266,0.47,36,103,0.35,55,76,0.724,50,137,56,25,16,53,57,2019-2020
303,Tennessee State,4,3,1,0.75,1.16,-11.85,0,0,3,0,0,1,341,268,NA,160,136,251,0.542,36,100,0.36,33,53,0.623,45,164,66,19,18,70,92,2019-2020
304,Tennessee Tech,6,1,5,0.167,-8.72,8.48,0,0,1,1,0,2,343,416,NA,245,133,341,0.39,40,132,0.303,37,52,0.712,65,205,64,34,13,113,87,2019-2020
305,Tennessee,3,3,0,1,19.36,3.7,0,0,2,0,0,0,235,188,NA,120,87,176,0.494,24,52,0.462,37,54,0.685,32,116,59,18,19,40,46,2019-2020
306,Texas A&M-Corpus Christi,5,1,4,0.2,-13.01,-3.61,0,0,1,3,0,1,286,333,NA,200,99,248,0.399,40,102,0.392,48,72,0.667,53,179,55,21,7,83,74,2019-2020
307,Texas A&M,3,2,1,0.667,-2.83,0.5,0,0,2,1,0,0,189,199,NA,120,68,160,0.425,12,47,0.255,41,65,0.631,30,100,29,21,13,45,33,2019-2020
308,Texas-Arlington,4,2,2,0.5,9.04,13.37,0,0,2,0,0,2,277,256,NA,160,92,251,0.367,41,137,0.299,52,74,0.703,48,163,61,20,16,39,65,2019-2020
309,Texas Christian,3,3,0,1,21.23,-0.77,0,0,3,0,0,0,246,181,NA,120,94,192,0.49,35,96,0.365,23,33,0.697,37,113,62,30,20,35,36,2019-2020
310,Texas-El Paso,3,3,0,1,19.3,4.3,0,0,3,0,0,0,229,177,NA,120,80,158,0.506,16,49,0.327,53,73,0.726,28,121,41,15,13,49,49,2019-2020
311,Texas-Rio Grande Valley,5,1,4,0.2,-16.74,-7.24,0,0,1,0,0,2,333,320,NA,200,127,302,0.421,28,77,0.364,51,78,0.654,46,165,60,36,22,45,95,2019-2020
312,Texas-San Antonio,5,0,5,0,-9.69,7.71,0,0,0,0,0,2,318,405,NA,200,111,326,0.34,41,148,0.277,55,74,0.743,59,183,52,36,10,64,109,2019-2020
313,Texas Southern,3,0,3,0,-4.99,15.01,0,0,0,0,0,3,174,234,NA,120,61,184,0.332,14,49,0.286,38,53,0.717,31,107,22,13,12,46,61,2019-2020
314,Texas State,5,3,2,0.6,8.27,1.77,0,0,3,0,0,2,385,301,NA,200,138,280,0.493,27,74,0.365,82,106,0.774,53,185,62,37,17,76,86,2019-2020
315,Texas Tech,3,3,0,1,22.29,-7.38,0,0,2,0,0,0,267,178,NA,120,100,184,0.543,22,48,0.458,45,65,0.692,34,132,64,28,13,51,51,2019-2020
316,Texas,4,4,0,1,15.37,1.62,0,0,3,0,1,0,276,221,NA,160,103,226,0.456,31,105,0.295,39,54,0.722,38,136,47,32,19,60,66,2019-2020
317,Toledo,4,3,1,0.75,1.51,-18.99,0,0,2,0,1,1,355,273,NA,160,119,230,0.517,43,91,0.473,74,97,0.763,41,155,69,29,13,58,57,2019-2020
318,Towson,4,2,2,0.5,-6.8,-8.13,0,0,2,1,0,1,312,239,NA,165,118,264,0.447,28,81,0.346,48,65,0.738,45,154,50,36,14,42,76,2019-2020
319,Troy,4,1,3,0.25,-12.6,2.4,0,0,1,2,0,1,289,307,NA,160,105,259,0.405,30,98,0.306,49,87,0.563,57,157,66,31,10,54,86,2019-2020
320,Tulane,3,3,0,1,4.9,-14.1,0,0,3,0,0,0,243,186,NA,120,79,173,0.457,23,65,0.354,62,89,0.697,30,114,47,31,7,36,40,2019-2020
321,Tulsa,4,3,1,0.75,-2.84,-4.84,0,0,3,0,0,1,285,277,NA,160,100,233,0.429,17,67,0.254,68,98,0.694,46,161,56,32,10,49,66,2019-2020
322,UCLA,4,4,0,1,18.27,5.27,0,0,4,0,0,0,293,241,NA,160,95,218,0.436,24,65,0.369,79,113,0.699,54,155,48,35,24,55,64,2019-2020
323,Utah State,5,5,0,1,26.11,-6.49,0,0,5,0,0,0,430,267,NA,200,152,312,0.487,40,111,0.36,86,116,0.741,69,234,100,34,20,60,77,2019-2020
324,Utah Valley,5,3,2,0.6,0.18,3.18,0,0,2,0,1,2,375,336,NA,200,137,305,0.449,40,129,0.31,61,87,0.701,53,197,66,31,39,69,84,2019-2020
325,Utah,3,3,0,1,33.18,-1.15,0,0,2,0,1,0,295,192,NA,120,108,196,0.551,29,73,0.397,50,72,0.694,32,160,64,11,12,40,48,2019-2020
326,Valparaiso,4,3,1,0.75,-0.26,-4.76,0,0,2,0,1,1,312,294,NA,160,111,247,0.449,29,82,0.354,61,92,0.663,58,155,71,33,13,58,73,2019-2020
327,Vanderbilt,3,2,1,0.667,-0.85,-8.18,0,0,2,0,0,1,246,224,NA,125,89,179,0.497,37,91,0.407,31,48,0.646,29,103,42,28,20,43,52,2019-2020
328,Vermont,4,4,0,1,6.47,0.97,0,0,1,0,3,0,259,237,NA,160,89,232,0.384,20,96,0.208,61,93,0.656,40,159,49,28,13,52,83,2019-2020
329,Villanova,3,2,1,0.667,19.93,5.93,0,0,2,0,0,1,226,184,NA,120,78,190,0.411,36,91,0.396,34,46,0.739,33,125,50,16,9,34,45,2019-2020
330,Virginia Commonwealth,4,4,0,1,19.12,7.37,0,0,4,0,0,0,308,261,NA,160,108,230,0.47,33,93,0.355,59,81,0.728,43,141,59,47,29,68,73,2019-2020
331,VMI,6,1,5,0.167,-21.3,-16.64,0,0,0,2,0,2,413,441,NA,255,146,372,0.392,58,174,0.333,63,88,0.716,57,204,102,46,14,65,99,2019-2020
332,Virginia Tech,4,4,0,1,14.08,-7.92,1,0,3,0,1,0,300,212,NA,160,111,241,0.461,47,124,0.379,31,43,0.721,32,160,66,25,16,46,47,2019-2020
333,Virginia,3,3,0,1,19.83,-1.17,1,0,2,0,1,0,173,110,NA,120,70,176,0.398,13,65,0.2,20,34,0.588,39,139,35,20,19,35,26,2019-2020
334,Wagner,4,1,3,0.25,-21.24,5.42,0,0,1,0,0,3,301,351,NA,160,106,244,0.434,34,97,0.351,55,83,0.663,43,143,59,21,7,63,98,2019-2020
335,Wake Forest,4,2,2,0.5,3.91,0.91,0,1,2,0,0,2,298,286,NA,165,105,235,0.447,21,57,0.368,67,98,0.684,43,166,56,16,14,62,75,2019-2020
336,Washington State,3,2,1,0.667,6.35,-4.99,0,0,2,0,0,1,219,185,NA,120,83,211,0.393,19,73,0.26,34,48,0.708,41,111,31,29,6,24,43,2019-2020
337,Washington,3,2,1,0.667,10.44,10.44,0,0,1,0,0,0,185,185,NA,120,72,171,0.421,17,51,0.333,24,41,0.585,30,114,47,22,25,52,50,2019-2020
338,Weber State,2,0,2,0,-21.83,13.17,0,0,0,1,0,1,90,160,NA,80,34,108,0.315,8,40,0.2,14,30,0.467,20,61,13,6,6,33,25,2019-2020
339,West Virginia,3,3,0,1,11.17,0.17,0,0,2,0,1,0,231,198,NA,120,78,175,0.446,17,45,0.378,58,78,0.744,43,134,42,23,12,41,65,2019-2020
340,Western Carolina,4,2,2,0.5,3.32,-0.18,0,0,2,0,0,2,307,293,NA,160,104,239,0.435,42,115,0.365,57,88,0.648,48,152,52,21,7,65,78,2019-2020
341,Western Illinois,3,0,3,0,-20.84,-6.84,0,0,0,2,0,1,231,273,NA,120,80,198,0.404,30,82,0.366,41,48,0.854,27,88,36,13,7,21,58,2019-2020
342,Western Kentucky,4,4,0,1,4.92,-9.08,0,0,3,0,1,0,361,276,NA,160,124,222,0.559,33,80,0.413,80,99,0.808,35,151,69,27,20,66,54,2019-2020
343,Western Michigan,4,3,1,0.75,-10.74,-10.24,0,0,2,0,1,1,339,341,NA,175,100,241,0.415,32,101,0.317,107,140,0.764,41,149,45,22,13,58,83,2019-2020
344,Wichita State,3,3,0,1,12.74,-7.6,0,0,3,0,0,0,240,179,NA,120,82,208,0.394,29,75,0.387,47,64,0.734,45,134,50,26,16,24,52,2019-2020
345,William & Mary,5,4,1,0.8,1.49,-4.91,0,0,1,0,3,1,377,345,NA,200,141,284,0.496,43,112,0.384,52,72,0.722,31,185,75,20,20,55,76,2019-2020
346,Winthrop,5,3,2,0.6,6.35,4.85,0,0,1,0,2,2,363,313,NA,200,140,309,0.453,45,133,0.338,38,71,0.535,63,192,75,26,11,70,91,2019-2020
347,Wisconsin,4,3,1,0.75,20.13,8.38,0,0,3,0,0,0,288,241,NA,165,96,218,0.44,29,88,0.33,67,82,0.817,35,135,45,23,22,46,61,2019-2020
348,Wofford,5,2,3,0.4,2.73,5.48,0,0,2,1,0,2,371,359,NA,200,124,276,0.449,49,137,0.358,74,88,0.841,35,131,64,25,15,45,81,2019-2020
349,Wright State,4,3,1,0.75,-3.01,-6.68,0,0,1,1,2,0,340,310,NA,165,129,281,0.459,35,100,0.35,47,66,0.712,63,176,55,31,11,57,63,2019-2020
350,Wyoming,4,1,3,0.25,-3.62,8.13,0,0,1,2,0,1,202,249,NA,160,69,178,0.388,16,72,0.222,48,69,0.696,15,113,24,12,8,57,71,2019-2020
351,Xavier,4,4,0,1,20.06,8.81,0,0,4,0,0,0,279,234,NA,165,98,237,0.414,18,86,0.209,65,97,0.67,44,154,47,31,10,53,66,2019-2020
352,Yale,4,2,2,0.5,0.94,3.27,0,0,1,0,1,2,304,254,NA,170,102,241,0.423,35,100,0.35,65,99,0.657,41,167,61,29,20,58,66,2019-2020
353,Youngstown State,3,1,2,0.333,-11.96,5.54,0,0,1,0,0,2,217,204,NA,120,85,212,0.401,20,87,0.23,27,49,0.551,51,131,37,23,6,35,49,2019-2020
